enrollment_id,student_id,course_id,enrollment_date
ENR00001,STU0001,CRS001,2023-05-13
ENR00002,STU0001,CRS012,2023-02-04
ENR00003,STU0001,CRS010,2023-04-28
ENR00004,STU0001,CRS013,2023-10-12
ENR00005,STU0001,CRS014,2024-03-29
ENR00006,STU0001,CRS018,2023-12-31
ENR00007,STU0002,CRS016,2023-10-27
ENR00008,STU0002,CRS008,2024-07-10
ENR00009,STU0002,CRS009,2023-11-05
ENR00010,STU0002,CRS014,2024-02-08
ENR00011,STU0003,CRS001,2023-02-16
ENR00012,STU0003,CRS013,2023-10-28
ENR00013,STU0003,CRS011,2024-04-24
ENR00014,STU0003,CRS022,2023-02-02
ENR00015,STU0003,CRS024,2024-03-19
ENR00016,STU0003,CRS006,2024-02-26
ENR00017,STU0004,CRS005,2023-01-12
ENR00018,STU0004,CRS020,2023-05-08
ENR00019,STU0004,CRS018,2023-06-22
ENR00020,STU0004,CRS001,2023-04-21
ENR00021,STU0004,CRS013,2023-05-28
ENR00022,STU0004,CRS019,2023-03-22
ENR00023,STU0005,CRS003,2024-07-08
ENR00024,STU0005,CRS021,2024-07-25
ENR00025,STU0005,CRS014,2023-08-16
ENR00026,STU0006,CRS015,2023-08-28
ENR00027,STU0006,CRS006,2023-05-22
ENR00028,STU0006,CRS002,2023-01-28
ENR00029,STU0006,CRS009,2024-03-22
ENR00030,STU0007,CRS011,2023-09-07
ENR00031,STU0007,CRS007,2023-02-27
ENR00032,STU0007,CRS015,2023-12-30
ENR00033,STU0007,CRS025,2024-08-22
ENR00034,STU0007,CRS022,2024-05-30
ENR00035,STU0007,CRS013,2024-03-16
ENR00036,STU0008,CRS025,2023-09-03
ENR00037,STU0008,CRS014,2023-03-25
ENR00038,STU0008,CRS009,2023-06-08
ENR00039,STU0008,CRS003,2023-08-20
ENR00040,STU0008,CRS016,2024-01-15
ENR00041,STU0009,CRS024,2024-02-29
ENR00042,STU0009,CRS018,2024-05-03
ENR00043,STU0009,CRS002,2024-05-15
ENR00044,STU0010,CRS008,2024-05-29
ENR00045,STU0010,CRS021,2023-10-09
ENR00046,STU0010,CRS003,2024-01-01
ENR00047,STU0010,CRS025,2023-07-15
ENR00048,STU0010,CRS002,2024-02-20
ENR00049,STU0011,CRS008,2023-11-22
ENR00050,STU0011,CRS007,2024-05-23
ENR00051,STU0011,CRS001,2024-01-30
ENR00052,STU0012,CRS008,2023-11-22
ENR00053,STU0012,CRS005,2024-07-30
ENR00054,STU0012,CRS016,2023-01-06
ENR00055,STU0012,CRS022,2024-02-08
ENR00056,STU0013,CRS019,2023-06-05
ENR00057,STU0013,CRS007,2023-07-21
ENR00058,STU0013,CRS015,2024-06-20
ENR00059,STU0014,CRS025,2023-12-01
ENR00060,STU0014,CRS012,2024-04-28
ENR00061,STU0014,CRS006,2023-01-27
ENR00062,STU0014,CRS020,2023-02-07
ENR00063,STU0014,CRS024,2023-04-28
ENR00064,STU0015,CRS025,2023-01-01
ENR00065,STU0015,CRS006,2024-08-07
ENR00066,STU0015,CRS010,2023-09-27
ENR00067,STU0016,CRS019,2023-11-24
ENR00068,STU0016,CRS001,2023-06-03
ENR00069,STU0016,CRS010,2024-02-11
ENR00070,STU0017,CRS013,2023-12-03
ENR00071,STU0017,CRS023,2023-06-11
ENR00072,STU0017,CRS007,2024-01-21
ENR00073,STU0017,CRS003,2023-10-02
ENR00074,STU0017,CRS019,2023-11-18
ENR00075,STU0017,CRS008,2023-06-21
ENR00076,STU0018,CRS023,2023-07-15
ENR00077,STU0018,CRS025,2023-03-16
ENR00078,STU0018,CRS010,2023-07-31
ENR00079,STU0019,CRS019,2023-03-14
ENR00080,STU0019,CRS002,2024-03-11
ENR00081,STU0019,CRS012,2024-03-04
ENR00082,STU0020,CRS022,2023-08-30
ENR00083,STU0020,CRS012,2023-08-17
ENR00084,STU0020,CRS003,2023-08-20
ENR00085,STU0020,CRS017,2023-12-31
ENR00086,STU0020,CRS021,2023-01-25
ENR00087,STU0020,CRS011,2023-12-01
ENR00088,STU0021,CRS014,2024-03-11
ENR00089,STU0021,CRS016,2024-03-13
ENR00090,STU0021,CRS004,2024-05-05
ENR00091,STU0022,CRS012,2023-05-19
ENR00092,STU0022,CRS021,2023-02-21
ENR00093,STU0022,CRS015,2023-10-14
ENR00094,STU0022,CRS005,2023-05-18
ENR00095,STU0022,CRS014,2023-05-22
ENR00096,STU0022,CRS006,2024-06-18
ENR00097,STU0023,CRS020,2024-05-26
ENR00098,STU0023,CRS018,2024-08-17
ENR00099,STU0023,CRS025,2023-06-30
ENR00100,STU0023,CRS016,2023-09-16
ENR00101,STU0023,CRS015,2023-07-03
ENR00102,STU0024,CRS024,2023-09-21
ENR00103,STU0024,CRS019,2024-07-31
ENR00104,STU0024,CRS009,2024-01-18
ENR00105,STU0024,CRS011,2024-08-31
ENR00106,STU0024,CRS008,2024-05-13
ENR00107,STU0024,CRS003,2024-05-27
ENR00108,STU0025,CRS015,2023-03-17
ENR00109,STU0025,CRS008,2023-04-06
ENR00110,STU0025,CRS025,2024-07-22
ENR00111,STU0025,CRS019,2023-01-19
ENR00112,STU0025,CRS020,2023-08-28
ENR00113,STU0026,CRS011,2023-04-24
ENR00114,STU0026,CRS001,2024-02-17
ENR00115,STU0026,CRS016,2023-07-30
ENR00116,STU0026,CRS025,2023-03-03
ENR00117,STU0026,CRS006,2023-04-20
ENR00118,STU0026,CRS023,2023-04-01
ENR00119,STU0027,CRS012,2023-11-02
ENR00120,STU0027,CRS009,2023-02-15
ENR00121,STU0027,CRS011,2024-08-04
ENR00122,STU0027,CRS020,2023-11-07
ENR00123,STU0028,CRS018,2024-06-01
ENR00124,STU0028,CRS001,2023-07-01
ENR00125,STU0028,CRS017,2024-05-02
ENR00126,STU0028,CRS007,2023-04-22
ENR00127,STU0028,CRS003,2024-01-13
ENR00128,STU0029,CRS024,2024-04-15
ENR00129,STU0029,CRS014,2023-11-02
ENR00130,STU0029,CRS016,2024-04-09
ENR00131,STU0029,CRS018,2023-05-19
ENR00132,STU0030,CRS023,2023-10-13
ENR00133,STU0030,CRS016,2023-08-16
ENR00134,STU0030,CRS021,2023-07-01
ENR00135,STU0030,CRS015,2023-11-07
ENR00136,STU0031,CRS003,2023-01-18
ENR00137,STU0031,CRS010,2023-12-08
ENR00138,STU0031,CRS008,2023-09-23
ENR00139,STU0032,CRS023,2023-06-27
ENR00140,STU0032,CRS008,2024-04-29
ENR00141,STU0032,CRS010,2023-01-09
ENR00142,STU0032,CRS022,2023-09-12
ENR00143,STU0032,CRS019,2023-10-25
ENR00144,STU0032,CRS012,2023-01-03
ENR00145,STU0033,CRS018,2023-08-18
ENR00146,STU0033,CRS017,2023-04-21
ENR00147,STU0033,CRS012,2023-11-18
ENR00148,STU0033,CRS014,2024-08-23
ENR00149,STU0033,CRS025,2023-12-12
ENR00150,STU0033,CRS011,2024-08-23
ENR00151,STU0034,CRS023,2023-09-26
ENR00152,STU0034,CRS015,2023-11-23
ENR00153,STU0034,CRS009,2024-05-07
ENR00154,STU0034,CRS010,2023-02-03
ENR00155,STU0034,CRS008,2023-01-28
ENR00156,STU0035,CRS024,2023-09-03
ENR00157,STU0035,CRS007,2023-08-21
ENR00158,STU0035,CRS011,2023-11-17
ENR00159,STU0036,CRS024,2023-01-17
ENR00160,STU0036,CRS018,2023-05-17
ENR00161,STU0036,CRS025,2024-02-20
ENR00162,STU0037,CRS007,2023-04-10
ENR00163,STU0037,CRS024,2024-05-14
ENR00164,STU0037,CRS016,2023-01-12
ENR00165,STU0037,CRS009,2023-01-27
ENR00166,STU0038,CRS004,2023-11-06
ENR00167,STU0038,CRS007,2023-11-20
ENR00168,STU0038,CRS010,2023-08-07
ENR00169,STU0038,CRS008,2023-05-20
ENR00170,STU0038,CRS012,2023-09-26
ENR00171,STU0039,CRS010,2023-12-21
ENR00172,STU0039,CRS001,2024-04-05
ENR00173,STU0039,CRS023,2023-11-08
ENR00174,STU0039,CRS018,2023-05-11
ENR00175,STU0040,CRS009,2023-11-18
ENR00176,STU0040,CRS002,2024-03-10
ENR00177,STU0040,CRS018,2024-05-27
ENR00178,STU0040,CRS010,2023-06-13
ENR00179,STU0041,CRS021,2023-10-13
ENR00180,STU0041,CRS025,2024-03-13
ENR00181,STU0041,CRS016,2023-05-03
ENR00182,STU0041,CRS004,2024-07-11
ENR00183,STU0042,CRS019,2023-05-26
ENR00184,STU0042,CRS010,2023-07-30
ENR00185,STU0042,CRS016,2023-10-19
ENR00186,STU0043,CRS015,2023-03-23
ENR00187,STU0043,CRS011,2024-03-06
ENR00188,STU0043,CRS006,2024-07-17
ENR00189,STU0043,CRS002,2023-07-19
ENR00190,STU0043,CRS009,2023-02-08
ENR00191,STU0043,CRS016,2023-03-29
ENR00192,STU0044,CRS003,2024-08-22
ENR00193,STU0044,CRS013,2023-11-01
ENR00194,STU0044,CRS016,2023-12-04
ENR00195,STU0045,CRS019,2024-03-16
ENR00196,STU0045,CRS021,2024-03-01
ENR00197,STU0045,CRS022,2023-03-05
ENR00198,STU0046,CRS005,2024-02-05
ENR00199,STU0046,CRS019,2023-04-08
ENR00200,STU0046,CRS010,2024-08-16
ENR00201,STU0047,CRS008,2023-10-12
ENR00202,STU0047,CRS004,2023-01-17
ENR00203,STU0047,CRS018,2023-10-28
ENR00204,STU0048,CRS020,2023-06-06
ENR00205,STU0048,CRS025,2023-12-03
ENR00206,STU0048,CRS024,2024-03-25
ENR00207,STU0048,CRS008,2023-09-28
ENR00208,STU0048,CRS017,2023-04-16
ENR00209,STU0048,CRS013,2024-04-04
ENR00210,STU0049,CRS015,2023-10-18
ENR00211,STU0049,CRS010,2024-06-21
ENR00212,STU0049,CRS019,2023-09-08
ENR00213,STU0049,CRS014,2023-03-06
ENR00214,STU0049,CRS024,2024-07-19
ENR00215,STU0049,CRS023,2023-04-12
ENR00216,STU0050,CRS020,2024-02-08
ENR00217,STU0050,CRS024,2023-09-22
ENR00218,STU0050,CRS004,2024-04-17
ENR00219,STU0051,CRS021,2023-01-26
ENR00220,STU0051,CRS007,2023-08-09
ENR00221,STU0051,CRS009,2023-04-18
ENR00222,STU0051,CRS022,2023-05-08
ENR00223,STU0052,CRS006,2023-04-08
ENR00224,STU0052,CRS008,2023-01-06
ENR00225,STU0052,CRS018,2023-11-07
ENR00226,STU0053,CRS006,2024-05-30
ENR00227,STU0053,CRS001,2024-06-22
ENR00228,STU0053,CRS014,2023-03-07
ENR00229,STU0054,CRS023,2024-03-19
ENR00230,STU0054,CRS020,2024-06-19
ENR00231,STU0054,CRS016,2024-05-29
ENR00232,STU0054,CRS010,2023-05-30
ENR00233,STU0054,CRS002,2024-05-21
ENR00234,STU0054,CRS008,2023-04-21
ENR00235,STU0055,CRS023,2023-04-09
ENR00236,STU0055,CRS010,2024-08-03
ENR00237,STU0055,CRS015,2023-09-19
ENR00238,STU0055,CRS003,2024-04-07
ENR00239,STU0055,CRS022,2024-07-24
ENR00240,STU0056,CRS009,2023-03-02
ENR00241,STU0056,CRS021,2024-04-23
ENR00242,STU0056,CRS019,2023-10-16
ENR00243,STU0056,CRS022,2024-06-09
ENR00244,STU0057,CRS014,2023-08-30
ENR00245,STU0057,CRS004,2023-04-12
ENR00246,STU0057,CRS018,2023-12-27
ENR00247,STU0057,CRS008,2024-02-17
ENR00248,STU0058,CRS009,2024-03-06
ENR00249,STU0058,CRS005,2023-05-05
ENR00250,STU0058,CRS003,2024-04-12
ENR00251,STU0058,CRS002,2023-03-29
ENR00252,STU0059,CRS010,2024-08-19
ENR00253,STU0059,CRS020,2024-08-03
ENR00254,STU0059,CRS024,2024-07-30
ENR00255,STU0059,CRS019,2024-06-23
ENR00256,STU0060,CRS015,2023-09-04
ENR00257,STU0060,CRS004,2024-01-21
ENR00258,STU0060,CRS023,2023-01-29
ENR00259,STU0060,CRS010,2023-11-26
ENR00260,STU0060,CRS013,2024-01-29
ENR00261,STU0061,CRS017,2023-03-21
ENR00262,STU0061,CRS018,2024-05-04
ENR00263,STU0061,CRS016,2023-01-09
ENR00264,STU0061,CRS015,2024-04-29
ENR00265,STU0061,CRS003,2023-08-19
ENR00266,STU0062,CRS014,2023-06-21
ENR00267,STU0062,CRS024,2023-02-09
ENR00268,STU0062,CRS011,2023-07-13
ENR00269,STU0063,CRS001,2023-05-12
ENR00270,STU0063,CRS003,2024-07-28
ENR00271,STU0063,CRS008,2023-08-11
ENR00272,STU0063,CRS022,2024-02-27
ENR00273,STU0063,CRS019,2024-01-08
ENR00274,STU0064,CRS025,2024-07-22
ENR00275,STU0064,CRS022,2023-06-13
ENR00276,STU0064,CRS009,2023-11-05
ENR00277,STU0065,CRS025,2024-01-21
ENR00278,STU0065,CRS006,2024-07-26
ENR00279,STU0065,CRS016,2023-04-17
ENR00280,STU0066,CRS009,2024-05-11
ENR00281,STU0066,CRS006,2023-12-13
ENR00282,STU0066,CRS019,2023-10-29
ENR00283,STU0066,CRS014,2024-01-03
ENR00284,STU0066,CRS021,2023-05-18
ENR00285,STU0066,CRS016,2024-06-02
ENR00286,STU0067,CRS016,2023-01-09
ENR00287,STU0067,CRS012,2023-03-22
ENR00288,STU0067,CRS014,2023-04-11
ENR00289,STU0068,CRS011,2023-01-05
ENR00290,STU0068,CRS022,2023-03-02
ENR00291,STU0068,CRS004,2024-05-09
ENR00292,STU0068,CRS006,2024-06-23
ENR00293,STU0068,CRS014,2023-05-02
ENR00294,STU0069,CRS010,2024-01-10
ENR00295,STU0069,CRS022,2023-07-12
ENR00296,STU0069,CRS013,2024-02-23
ENR00297,STU0069,CRS018,2024-07-19
ENR00298,STU0069,CRS002,2023-10-15
ENR00299,STU0069,CRS015,2024-07-18
ENR00300,STU0070,CRS011,2023-08-27
ENR00301,STU0070,CRS009,2023-02-10
ENR00302,STU0070,CRS004,2023-07-08
ENR00303,STU0071,CRS017,2024-08-20
ENR00304,STU0071,CRS001,2024-08-19
ENR00305,STU0071,CRS022,2023-03-28
ENR00306,STU0071,CRS018,2024-03-24
ENR00307,STU0071,CRS015,2024-06-27
ENR00308,STU0071,CRS014,2023-06-10
ENR00309,STU0072,CRS007,2023-03-19
ENR00310,STU0072,CRS017,2023-02-23
ENR00311,STU0072,CRS012,2024-04-07
ENR00312,STU0073,CRS021,2023-08-11
ENR00313,STU0073,CRS015,2023-11-21
ENR00314,STU0073,CRS002,2023-12-05
ENR00315,STU0073,CRS007,2023-04-19
ENR00316,STU0073,CRS009,2023-06-23
ENR00317,STU0073,CRS018,2023-08-01
ENR00318,STU0074,CRS010,2023-12-20
ENR00319,STU0074,CRS015,2024-02-20
ENR00320,STU0074,CRS023,2023-03-28
ENR00321,STU0074,CRS016,2024-04-17
ENR00322,STU0075,CRS001,2024-06-25
ENR00323,STU0075,CRS021,2023-06-13
ENR00324,STU0075,CRS020,2023-10-27
ENR00325,STU0076,CRS023,2024-07-10
ENR00326,STU0076,CRS006,2024-03-28
ENR00327,STU0076,CRS010,2024-04-06
ENR00328,STU0076,CRS018,2023-06-09
ENR00329,STU0077,CRS018,2023-01-21
ENR00330,STU0077,CRS014,2023-04-26
ENR00331,STU0077,CRS003,2024-05-06
ENR00332,STU0078,CRS004,2024-01-27
ENR00333,STU0078,CRS015,2024-05-19
ENR00334,STU0078,CRS021,2023-01-15
ENR00335,STU0078,CRS005,2023-01-18
ENR00336,STU0079,CRS023,2024-01-20
ENR00337,STU0079,CRS010,2024-08-16
ENR00338,STU0079,CRS017,2024-06-28
ENR00339,STU0079,CRS009,2024-05-30
ENR00340,STU0079,CRS014,2024-06-14
ENR00341,STU0079,CRS016,2024-02-24
ENR00342,STU0080,CRS008,2024-08-30
ENR00343,STU0080,CRS015,2023-09-08
ENR00344,STU0080,CRS018,2023-05-31
ENR00345,STU0080,CRS005,2023-02-09
ENR00346,STU0080,CRS013,2024-05-20
ENR00347,STU0080,CRS007,2023-11-02
ENR00348,STU0081,CRS003,2024-07-01
ENR00349,STU0081,CRS009,2024-07-31
ENR00350,STU0081,CRS025,2024-08-26
ENR00351,STU0081,CRS014,2023-06-03
ENR00352,STU0082,CRS017,2024-07-18
ENR00353,STU0082,CRS009,2023-05-25
ENR00354,STU0082,CRS001,2023-10-22
ENR00355,STU0082,CRS010,2023-11-24
ENR00356,STU0082,CRS024,2023-03-20
ENR00357,STU0083,CRS019,2023-04-28
ENR00358,STU0083,CRS022,2023-02-17
ENR00359,STU0083,CRS016,2023-09-03
ENR00360,STU0083,CRS005,2024-01-09
ENR00361,STU0083,CRS015,2024-01-01
ENR00362,STU0084,CRS012,2023-03-03
ENR00363,STU0084,CRS011,2024-01-29
ENR00364,STU0084,CRS018,2024-04-06
ENR00365,STU0084,CRS023,2024-04-12
ENR00366,STU0084,CRS013,2023-02-14
ENR00367,STU0084,CRS015,2024-01-17
ENR00368,STU0085,CRS007,2024-06-19
ENR00369,STU0085,CRS023,2023-08-06
ENR00370,STU0085,CRS008,2024-03-13
ENR00371,STU0085,CRS019,2023-08-25
ENR00372,STU0085,CRS013,2024-08-26
ENR00373,STU0086,CRS025,2023-03-20
ENR00374,STU0086,CRS014,2024-08-20
ENR00375,STU0086,CRS002,2024-06-11
ENR00376,STU0086,CRS011,2024-03-29
ENR00377,STU0087,CRS023,2024-08-18
ENR00378,STU0087,CRS013,2023-12-22
ENR00379,STU0087,CRS024,2023-10-02
ENR00380,STU0087,CRS022,2023-09-03
ENR00381,STU0087,CRS021,2023-06-06
ENR00382,STU0087,CRS005,2024-03-10
ENR00383,STU0088,CRS002,2023-07-07
ENR00384,STU0088,CRS005,2024-07-22
ENR00385,STU0088,CRS017,2023-09-23
ENR00386,STU0088,CRS019,2024-01-20
ENR00387,STU0088,CRS011,2023-12-25
ENR00388,STU0088,CRS004,2023-11-28
ENR00389,STU0089,CRS004,2023-11-22
ENR00390,STU0089,CRS017,2023-11-24
ENR00391,STU0089,CRS015,2024-08-01
ENR00392,STU0089,CRS001,2024-04-10
ENR00393,STU0089,CRS005,2024-07-06
ENR00394,STU0089,CRS014,2023-03-04
ENR00395,STU0090,CRS003,2023-05-25
ENR00396,STU0090,CRS016,2023-11-19
ENR00397,STU0090,CRS009,2023-02-28
ENR00398,STU0090,CRS011,2023-11-12
ENR00399,STU0091,CRS021,2024-02-09
ENR00400,STU0091,CRS003,2023-06-18
ENR00401,STU0091,CRS011,2023-10-05
ENR00402,STU0091,CRS022,2023-10-08
ENR00403,STU0091,CRS018,2023-06-18
ENR00404,STU0091,CRS013,2023-09-19
ENR00405,STU0092,CRS021,2024-06-01
ENR00406,STU0092,CRS023,2023-10-01
ENR00407,STU0092,CRS025,2024-03-12
ENR00408,STU0092,CRS016,2023-09-16
ENR00409,STU0092,CRS018,2024-08-19
ENR00410,STU0093,CRS020,2023-06-23
ENR00411,STU0093,CRS003,2023-03-04
ENR00412,STU0093,CRS008,2023-06-13
ENR00413,STU0094,CRS008,2023-04-29
ENR00414,STU0094,CRS024,2023-04-14
ENR00415,STU0094,CRS003,2023-07-27
ENR00416,STU0094,CRS014,2024-05-06
ENR00417,STU0094,CRS004,2023-06-09
ENR00418,STU0095,CRS015,2024-07-11
ENR00419,STU0095,CRS006,2023-12-28
ENR00420,STU0095,CRS023,2024-07-02
ENR00421,STU0096,CRS001,2024-06-27
ENR00422,STU0096,CRS002,2023-09-09
ENR00423,STU0096,CRS011,2023-12-04
ENR00424,STU0096,CRS010,2024-03-26
ENR00425,STU0096,CRS012,2023-06-11
ENR00426,STU0097,CRS014,2023-05-12
ENR00427,STU0097,CRS005,2024-02-10
ENR00428,STU0097,CRS008,2024-07-30
ENR00429,STU0097,CRS017,2024-07-04
ENR00430,STU0097,CRS019,2023-12-30
ENR00431,STU0098,CRS006,2024-08-25
ENR00432,STU0098,CRS003,2024-02-13
ENR00433,STU0098,CRS020,2023-02-10
ENR00434,STU0098,CRS013,2023-05-06
ENR00435,STU0099,CRS016,2023-05-04
ENR00436,STU0099,CRS019,2023-12-03
ENR00437,STU0099,CRS005,2023-05-22
ENR00438,STU0099,CRS008,2023-12-26
ENR00439,STU0100,CRS021,2023-12-06
ENR00440,STU0100,CRS009,2024-01-01
ENR00441,STU0100,CRS015,2023-11-18
ENR00442,STU0100,CRS024,2023-08-17
ENR00443,STU0100,CRS001,2023-04-02
ENR00444,STU0100,CRS023,2023-11-22
ENR00445,STU0101,CRS022,2023-01-28
ENR00446,STU0101,CRS018,2024-07-18
ENR00447,STU0101,CRS006,2024-04-10
ENR00448,STU0101,CRS003,2024-01-12
ENR00449,STU0101,CRS015,2023-10-13
ENR00450,STU0102,CRS019,2023-11-09
ENR00451,STU0102,CRS010,2023-02-05
ENR00452,STU0102,CRS021,2023-10-07
ENR00453,STU0102,CRS014,2023-11-26
ENR00454,STU0102,CRS023,2024-02-13
ENR00455,STU0103,CRS015,2023-01-03
ENR00456,STU0103,CRS010,2023-03-31
ENR00457,STU0103,CRS007,2024-07-27
ENR00458,STU0103,CRS013,2023-10-20
ENR00459,STU0103,CRS016,2024-02-28
ENR00460,STU0104,CRS008,2024-05-12
ENR00461,STU0104,CRS013,2023-07-26
ENR00462,STU0104,CRS019,2023-05-15
ENR00463,STU0105,CRS019,2024-05-02
ENR00464,STU0105,CRS010,2023-02-04
ENR00465,STU0105,CRS023,2024-02-16
ENR00466,STU0105,CRS001,2024-03-20
ENR00467,STU0105,CRS022,2024-02-03
ENR00468,STU0106,CRS009,2023-07-23
ENR00469,STU0106,CRS001,2024-05-30
ENR00470,STU0106,CRS019,2024-08-04
ENR00471,STU0106,CRS022,2023-07-17
ENR00472,STU0106,CRS002,2023-07-20
ENR00473,STU0106,CRS020,2024-02-18
ENR00474,STU0107,CRS010,2024-03-25
ENR00475,STU0107,CRS008,2023-03-08
ENR00476,STU0107,CRS020,2023-12-09
ENR00477,STU0107,CRS012,2023-11-28
ENR00478,STU0107,CRS024,2023-11-08
ENR00479,STU0107,CRS007,2024-05-07
ENR00480,STU0108,CRS022,2024-04-26
ENR00481,STU0108,CRS025,2023-07-29
ENR00482,STU0108,CRS024,2023-09-24
ENR00483,STU0108,CRS005,2023-03-10
ENR00484,STU0108,CRS021,2024-01-14
ENR00485,STU0109,CRS021,2023-06-17
ENR00486,STU0109,CRS002,2023-09-23
ENR00487,STU0109,CRS010,2024-04-15
ENR00488,STU0110,CRS002,2023-09-09
ENR00489,STU0110,CRS019,2023-04-23
ENR00490,STU0110,CRS012,2023-12-06
ENR00491,STU0110,CRS005,2023-03-05
ENR00492,STU0110,CRS003,2023-02-10
ENR00493,STU0110,CRS010,2023-07-20
ENR00494,STU0111,CRS024,2024-04-06
ENR00495,STU0111,CRS014,2023-12-06
ENR00496,STU0111,CRS006,2023-03-15
ENR00497,STU0111,CRS007,2023-06-25
ENR00498,STU0111,CRS005,2023-12-30
ENR00499,STU0112,CRS017,2023-09-25
ENR00500,STU0112,CRS009,2023-12-06
ENR00501,STU0112,CRS006,2024-01-18
ENR00502,STU0112,CRS016,2023-06-29
ENR00503,STU0112,CRS010,2024-02-01
ENR00504,STU0113,CRS004,2024-05-08
ENR00505,STU0113,CRS015,2024-07-18
ENR00506,STU0113,CRS003,2024-04-24
ENR00507,STU0113,CRS005,2023-01-09
ENR00508,STU0113,CRS025,2023-04-29
ENR00509,STU0114,CRS022,2024-03-10
ENR00510,STU0114,CRS024,2024-05-06
ENR00511,STU0114,CRS013,2023-08-03
ENR00512,STU0114,CRS018,2023-07-28
ENR00513,STU0115,CRS003,2023-04-01
ENR00514,STU0115,CRS013,2023-12-14
ENR00515,STU0115,CRS001,2023-06-10
ENR00516,STU0115,CRS009,2023-01-27
ENR00517,STU0115,CRS018,2023-09-18
ENR00518,STU0116,CRS015,2023-09-20
ENR00519,STU0116,CRS012,2024-07-10
ENR00520,STU0116,CRS022,2023-12-07
ENR00521,STU0117,CRS019,2024-07-11
ENR00522,STU0117,CRS013,2024-01-08
ENR00523,STU0117,CRS021,2023-10-19
ENR00524,STU0117,CRS012,2024-06-27
ENR00525,STU0117,CRS004,2023-11-03
ENR00526,STU0118,CRS016,2023-11-27
ENR00527,STU0118,CRS001,2024-04-20
ENR00528,STU0118,CRS020,2023-06-09
ENR00529,STU0118,CRS018,2024-04-23
ENR00530,STU0119,CRS020,2023-09-01
ENR00531,STU0119,CRS008,2023-01-12
ENR00532,STU0119,CRS021,2024-05-01
ENR00533,STU0119,CRS003,2023-03-20
ENR00534,STU0119,CRS015,2023-09-10
ENR00535,STU0120,CRS021,2024-01-21
ENR00536,STU0120,CRS014,2023-11-11
ENR00537,STU0120,CRS004,2023-08-16
ENR00538,STU0120,CRS005,2023-10-04
ENR00539,STU0120,CRS002,2023-12-26
ENR00540,STU0121,CRS010,2023-05-20
ENR00541,STU0121,CRS016,2024-01-28
ENR00542,STU0121,CRS004,2023-06-05
ENR00543,STU0122,CRS008,2024-04-06
ENR00544,STU0122,CRS018,2023-10-26
ENR00545,STU0122,CRS005,2024-08-15
ENR00546,STU0123,CRS015,2023-10-26
ENR00547,STU0123,CRS012,2024-06-10
ENR00548,STU0123,CRS022,2023-11-10
ENR00549,STU0123,CRS018,2024-02-10
ENR00550,STU0123,CRS014,2023-05-12
ENR00551,STU0123,CRS019,2024-06-03
ENR00552,STU0124,CRS014,2023-06-26
ENR00553,STU0124,CRS021,2023-08-15
ENR00554,STU0124,CRS004,2024-06-05
ENR00555,STU0124,CRS016,2023-07-14
ENR00556,STU0125,CRS009,2023-12-17
ENR00557,STU0125,CRS002,2023-08-25
ENR00558,STU0125,CRS023,2023-11-12
ENR00559,STU0125,CRS012,2024-07-29
ENR00560,STU0125,CRS007,2023-12-08
ENR00561,STU0125,CRS015,2024-07-10
ENR00562,STU0126,CRS008,2024-01-08
ENR00563,STU0126,CRS012,2023-03-18
ENR00564,STU0126,CRS004,2023-09-12
ENR00565,STU0126,CRS022,2023-04-13
ENR00566,STU0126,CRS024,2023-01-12
ENR00567,STU0126,CRS018,2024-06-01
ENR00568,STU0127,CRS002,2023-10-26
ENR00569,STU0127,CRS013,2023-07-17
ENR00570,STU0127,CRS009,2024-03-06
ENR00571,STU0127,CRS007,2024-03-27
ENR00572,STU0127,CRS004,2023-11-15
ENR00573,STU0128,CRS003,2024-01-08
ENR00574,STU0128,CRS022,2023-11-26
ENR00575,STU0128,CRS007,2024-07-09
ENR00576,STU0128,CRS021,2023-08-17
ENR00577,STU0128,CRS024,2024-07-12
ENR00578,STU0128,CRS020,2023-01-10
ENR00579,STU0129,CRS002,2023-05-10
ENR00580,STU0129,CRS011,2023-01-21
ENR00581,STU0129,CRS008,2023-06-01
ENR00582,STU0130,CRS019,2023-01-31
ENR00583,STU0130,CRS007,2024-01-01
ENR00584,STU0130,CRS003,2024-03-11
ENR00585,STU0130,CRS025,2024-08-16
ENR00586,STU0131,CRS019,2024-01-09
ENR00587,STU0131,CRS007,2023-09-16
ENR00588,STU0131,CRS008,2023-06-15
ENR00589,STU0131,CRS011,2023-02-22
ENR00590,STU0132,CRS020,2023-08-06
ENR00591,STU0132,CRS001,2024-08-13
ENR00592,STU0132,CRS009,2023-10-18
ENR00593,STU0132,CRS005,2024-03-10
ENR00594,STU0133,CRS018,2023-06-01
ENR00595,STU0133,CRS009,2024-06-19
ENR00596,STU0133,CRS006,2023-05-30
ENR00597,STU0133,CRS004,2023-04-21
ENR00598,STU0134,CRS005,2023-05-03
ENR00599,STU0134,CRS001,2024-06-08
ENR00600,STU0134,CRS012,2023-06-07
ENR00601,STU0135,CRS019,2024-08-04
ENR00602,STU0135,CRS011,2024-07-19
ENR00603,STU0135,CRS001,2024-01-03
ENR00604,STU0135,CRS006,2023-03-10
ENR00605,STU0136,CRS002,2023-08-21
ENR00606,STU0136,CRS005,2023-11-19
ENR00607,STU0136,CRS024,2023-01-03
ENR00608,STU0136,CRS014,2023-03-02
ENR00609,STU0136,CRS017,2023-06-23
ENR00610,STU0137,CRS024,2023-08-26
ENR00611,STU0137,CRS003,2023-12-12
ENR00612,STU0137,CRS016,2023-07-04
ENR00613,STU0138,CRS025,2023-06-30
ENR00614,STU0138,CRS012,2023-07-10
ENR00615,STU0138,CRS017,2023-06-23
ENR00616,STU0138,CRS019,2023-03-01
ENR00617,STU0138,CRS004,2023-01-30
ENR00618,STU0138,CRS015,2023-01-31
ENR00619,STU0139,CRS020,2023-02-18
ENR00620,STU0139,CRS002,2024-06-18
ENR00621,STU0139,CRS024,2024-04-03
ENR00622,STU0139,CRS022,2023-09-03
ENR00623,STU0140,CRS015,2024-05-02
ENR00624,STU0140,CRS021,2024-08-27
ENR00625,STU0140,CRS001,2023-01-10
ENR00626,STU0140,CRS002,2023-02-16
ENR00627,STU0140,CRS016,2023-09-22
ENR00628,STU0141,CRS014,2023-04-18
ENR00629,STU0141,CRS022,2023-08-13
ENR00630,STU0141,CRS004,2023-09-21
ENR00631,STU0141,CRS016,2023-12-09
ENR00632,STU0141,CRS015,2024-08-13
ENR00633,STU0141,CRS003,2023-12-20
ENR00634,STU0142,CRS011,2024-04-09
ENR00635,STU0142,CRS020,2024-08-16
ENR00636,STU0142,CRS005,2024-05-28
ENR00637,STU0143,CRS005,2023-03-16
ENR00638,STU0143,CRS009,2023-03-07
ENR00639,STU0143,CRS020,2023-04-18
ENR00640,STU0144,CRS013,2024-01-01
ENR00641,STU0144,CRS020,2023-12-14
ENR00642,STU0144,CRS017,2023-04-16
ENR00643,STU0144,CRS010,2024-08-11
ENR00644,STU0144,CRS015,2023-12-16
ENR00645,STU0145,CRS004,2023-11-10
ENR00646,STU0145,CRS023,2024-05-22
ENR00647,STU0145,CRS025,2024-02-18
ENR00648,STU0145,CRS021,2024-07-25
ENR00649,STU0145,CRS022,2024-05-10
ENR00650,STU0145,CRS018,2024-07-22
ENR00651,STU0146,CRS014,2023-12-12
ENR00652,STU0146,CRS015,2023-11-08
ENR00653,STU0146,CRS008,2023-07-21
ENR00654,STU0146,CRS011,2024-02-13
ENR00655,STU0147,CRS013,2024-08-17
ENR00656,STU0147,CRS014,2024-05-12
ENR00657,STU0147,CRS004,2024-01-04
ENR00658,STU0147,CRS011,2024-08-11
ENR00659,STU0147,CRS024,2024-02-18
ENR00660,STU0147,CRS022,2023-06-24
ENR00661,STU0148,CRS012,2023-05-10
ENR00662,STU0148,CRS005,2024-03-26
ENR00663,STU0148,CRS022,2024-01-27
ENR00664,STU0148,CRS016,2023-08-15
ENR00665,STU0148,CRS003,2023-08-23
ENR00666,STU0149,CRS003,2024-06-25
ENR00667,STU0149,CRS014,2024-08-21
ENR00668,STU0149,CRS004,2024-07-04
ENR00669,STU0150,CRS005,2024-01-27
ENR00670,STU0150,CRS018,2024-03-25
ENR00671,STU0150,CRS002,2024-01-26
ENR00672,STU0150,CRS019,2024-04-06
ENR00673,STU0150,CRS011,2024-01-08
ENR00674,STU0151,CRS014,2023-06-02
ENR00675,STU0151,CRS012,2023-12-23
ENR00676,STU0151,CRS022,2023-06-08
ENR00677,STU0152,CRS024,2023-11-13
ENR00678,STU0152,CRS002,2023-05-17
ENR00679,STU0152,CRS010,2024-02-23
ENR00680,STU0152,CRS020,2024-02-07
ENR00681,STU0152,CRS023,2023-08-04
ENR00682,STU0152,CRS012,2023-08-18
ENR00683,STU0153,CRS019,2023-08-23
ENR00684,STU0153,CRS017,2023-02-12
ENR00685,STU0153,CRS007,2023-01-13
ENR00686,STU0154,CRS022,2023-04-03
ENR00687,STU0154,CRS016,2023-01-17
ENR00688,STU0154,CRS008,2023-03-09
ENR00689,STU0154,CRS004,2023-06-21
ENR00690,STU0155,CRS018,2024-08-20
ENR00691,STU0155,CRS012,2023-06-03
ENR00692,STU0155,CRS004,2023-04-08
ENR00693,STU0155,CRS025,2023-10-08
ENR00694,STU0155,CRS009,2024-07-21
ENR00695,STU0156,CRS014,2024-01-12
ENR00696,STU0156,CRS018,2023-08-01
ENR00697,STU0156,CRS025,2023-12-13
ENR00698,STU0156,CRS020,2024-07-25
ENR00699,STU0157,CRS020,2024-03-28
ENR00700,STU0157,CRS022,2023-03-30
ENR00701,STU0157,CRS023,2023-12-10
ENR00702,STU0158,CRS001,2024-05-04
ENR00703,STU0158,CRS006,2023-05-31
ENR00704,STU0158,CRS009,2023-01-31
ENR00705,STU0158,CRS023,2023-09-02
ENR00706,STU0158,CRS025,2023-03-27
ENR00707,STU0159,CRS011,2024-04-23
ENR00708,STU0159,CRS012,2024-02-23
ENR00709,STU0159,CRS001,2024-04-01
ENR00710,STU0159,CRS006,2023-09-06
ENR00711,STU0159,CRS005,2024-07-03
ENR00712,STU0160,CRS003,2024-01-13
ENR00713,STU0160,CRS005,2023-09-22
ENR00714,STU0160,CRS021,2024-05-10
ENR00715,STU0160,CRS001,2023-06-12
ENR00716,STU0160,CRS025,2023-09-26
ENR00717,STU0160,CRS017,2023-02-03
ENR00718,STU0161,CRS013,2024-05-04
ENR00719,STU0161,CRS014,2023-10-20
ENR00720,STU0161,CRS015,2023-08-02
ENR00721,STU0161,CRS011,2023-02-05
ENR00722,STU0162,CRS012,2024-02-18
ENR00723,STU0162,CRS010,2023-03-16
ENR00724,STU0162,CRS024,2023-11-24
ENR00725,STU0162,CRS011,2024-07-28
ENR00726,STU0163,CRS002,2023-02-25
ENR00727,STU0163,CRS005,2023-04-23
ENR00728,STU0163,CRS006,2024-07-26
ENR00729,STU0164,CRS022,2024-08-21
ENR00730,STU0164,CRS003,2023-11-21
ENR00731,STU0164,CRS009,2024-07-13
ENR00732,STU0165,CRS022,2023-01-01
ENR00733,STU0165,CRS014,2024-02-01
ENR00734,STU0165,CRS016,2024-06-17
ENR00735,STU0165,CRS020,2023-12-04
ENR00736,STU0165,CRS015,2023-05-06
ENR00737,STU0165,CRS024,2023-04-03
ENR00738,STU0166,CRS007,2023-05-06
ENR00739,STU0166,CRS025,2023-07-24
ENR00740,STU0166,CRS017,2023-04-24
ENR00741,STU0166,CRS004,2024-04-02
ENR00742,STU0166,CRS012,2024-06-09
ENR00743,STU0167,CRS004,2023-04-21
ENR00744,STU0167,CRS010,2023-06-22
ENR00745,STU0167,CRS022,2023-10-19
ENR00746,STU0167,CRS023,2024-06-21
ENR00747,STU0167,CRS019,2024-06-14
ENR00748,STU0167,CRS016,2023-12-02
ENR00749,STU0168,CRS002,2024-06-11
ENR00750,STU0168,CRS008,2024-03-15
ENR00751,STU0168,CRS013,2023-11-20
ENR00752,STU0168,CRS020,2023-02-19
ENR00753,STU0168,CRS001,2023-11-28
ENR00754,STU0169,CRS010,2023-10-21
ENR00755,STU0169,CRS007,2023-03-12
ENR00756,STU0169,CRS025,2023-03-04
ENR00757,STU0169,CRS005,2023-09-30
ENR00758,STU0170,CRS010,2023-03-02
ENR00759,STU0170,CRS011,2023-02-11
ENR00760,STU0170,CRS004,2024-07-15
ENR00761,STU0170,CRS001,2024-06-08
ENR00762,STU0170,CRS016,2023-06-14
ENR00763,STU0171,CRS006,2024-01-16
ENR00764,STU0171,CRS005,2024-03-21
ENR00765,STU0171,CRS013,2024-07-18
ENR00766,STU0171,CRS018,2023-10-17
ENR00767,STU0171,CRS008,2023-10-01
ENR00768,STU0171,CRS017,2023-05-04
ENR00769,STU0172,CRS003,2023-08-09
ENR00770,STU0172,CRS013,2023-03-05
ENR00771,STU0172,CRS024,2023-09-02
ENR00772,STU0172,CRS002,2023-01-29
ENR00773,STU0172,CRS014,2023-01-26
ENR00774,STU0173,CRS015,2024-07-18
ENR00775,STU0173,CRS003,2024-02-29
ENR00776,STU0173,CRS011,2023-01-17
ENR00777,STU0174,CRS019,2023-05-12
ENR00778,STU0174,CRS013,2023-03-05
ENR00779,STU0174,CRS023,2024-07-05
ENR00780,STU0174,CRS021,2023-06-23
ENR00781,STU0174,CRS014,2023-01-25
ENR00782,STU0174,CRS010,2024-07-14
ENR00783,STU0175,CRS013,2023-08-23
ENR00784,STU0175,CRS001,2024-02-02
ENR00785,STU0175,CRS011,2023-03-06
ENR00786,STU0176,CRS020,2023-06-10
ENR00787,STU0176,CRS015,2023-05-21
ENR00788,STU0176,CRS023,2023-03-24
ENR00789,STU0176,CRS012,2023-08-06
ENR00790,STU0177,CRS014,2023-04-01
ENR00791,STU0177,CRS004,2023-04-23
ENR00792,STU0177,CRS008,2023-07-19
ENR00793,STU0178,CRS019,2024-04-07
ENR00794,STU0178,CRS013,2024-02-10
ENR00795,STU0178,CRS017,2023-12-15
ENR00796,STU0178,CRS003,2024-01-28
ENR00797,STU0178,CRS024,2024-03-12
ENR00798,STU0178,CRS010,2023-09-16
ENR00799,STU0179,CRS008,2023-09-08
ENR00800,STU0179,CRS011,2024-03-05
ENR00801,STU0179,CRS025,2024-07-19
ENR00802,STU0179,CRS006,2023-12-25
ENR00803,STU0179,CRS003,2024-02-20
ENR00804,STU0180,CRS017,2024-01-13
ENR00805,STU0180,CRS007,2024-05-26
ENR00806,STU0180,CRS025,2023-10-19
ENR00807,STU0181,CRS012,2023-09-27
ENR00808,STU0181,CRS024,2023-06-22
ENR00809,STU0181,CRS021,2023-09-18
ENR00810,STU0181,CRS005,2023-12-04
ENR00811,STU0181,CRS008,2024-07-28
ENR00812,STU0182,CRS005,2023-10-07
ENR00813,STU0182,CRS009,2023-03-25
ENR00814,STU0182,CRS007,2023-01-18
ENR00815,STU0183,CRS020,2024-08-02
ENR00816,STU0183,CRS005,2024-07-03
ENR00817,STU0183,CRS025,2024-05-27
ENR00818,STU0183,CRS021,2023-12-16
ENR00819,STU0184,CRS006,2024-06-24
ENR00820,STU0184,CRS025,2023-11-15
ENR00821,STU0184,CRS021,2023-10-15
ENR00822,STU0185,CRS015,2024-07-10
ENR00823,STU0185,CRS019,2023-07-12
ENR00824,STU0185,CRS024,2023-03-18
ENR00825,STU0185,CRS025,2024-07-31
ENR00826,STU0185,CRS023,2023-10-05
ENR00827,STU0185,CRS020,2024-03-28
ENR00828,STU0186,CRS021,2023-04-26
ENR00829,STU0186,CRS011,2024-07-30
ENR00830,STU0186,CRS005,2023-10-04
ENR00831,STU0186,CRS015,2023-02-07
ENR00832,STU0186,CRS003,2023-02-13
ENR00833,STU0187,CRS015,2024-08-13
ENR00834,STU0187,CRS021,2023-11-17
ENR00835,STU0187,CRS010,2023-02-06
ENR00836,STU0187,CRS009,2024-01-25
ENR00837,STU0187,CRS019,2023-11-19
ENR00838,STU0187,CRS002,2023-12-07
ENR00839,STU0188,CRS017,2024-02-01
ENR00840,STU0188,CRS003,2023-10-13
ENR00841,STU0188,CRS010,2024-03-18
ENR00842,STU0188,CRS015,2023-12-11
ENR00843,STU0188,CRS002,2024-06-11
ENR00844,STU0189,CRS012,2023-03-12
ENR00845,STU0189,CRS010,2024-07-21
ENR00846,STU0189,CRS003,2024-04-02
ENR00847,STU0190,CRS020,2023-09-07
ENR00848,STU0190,CRS017,2023-09-26
ENR00849,STU0190,CRS013,2023-09-09
ENR00850,STU0191,CRS019,2023-01-20
ENR00851,STU0191,CRS018,2023-05-29
ENR00852,STU0191,CRS002,2023-12-09
ENR00853,STU0191,CRS015,2023-01-17
ENR00854,STU0191,CRS025,2023-11-22
ENR00855,STU0191,CRS007,2023-10-12
ENR00856,STU0192,CRS020,2024-04-17
ENR00857,STU0192,CRS016,2023-12-24
ENR00858,STU0192,CRS017,2024-08-29
ENR00859,STU0192,CRS005,2024-04-11
ENR00860,STU0192,CRS002,2023-10-23
ENR00861,STU0193,CRS004,2023-03-01
ENR00862,STU0193,CRS011,2023-08-12
ENR00863,STU0193,CRS023,2023-03-19
ENR00864,STU0193,CRS003,2024-01-21
ENR00865,STU0193,CRS017,2024-03-07
ENR00866,STU0193,CRS006,2024-01-22
ENR00867,STU0194,CRS008,2024-02-17
ENR00868,STU0194,CRS023,2023-08-14
ENR00869,STU0194,CRS015,2024-08-31
ENR00870,STU0195,CRS017,2024-07-11
ENR00871,STU0195,CRS025,2023-10-03
ENR00872,STU0195,CRS020,2023-08-02
ENR00873,STU0195,CRS006,2024-01-27
ENR00874,STU0195,CRS012,2023-04-25
ENR00875,STU0195,CRS021,2024-07-17
ENR00876,STU0196,CRS013,2024-04-04
ENR00877,STU0196,CRS014,2024-02-06
ENR00878,STU0196,CRS025,2024-02-27
ENR00879,STU0196,CRS011,2024-07-16
ENR00880,STU0196,CRS022,2023-03-07
ENR00881,STU0197,CRS021,2023-04-01
ENR00882,STU0197,CRS011,2023-03-26
ENR00883,STU0197,CRS003,2023-02-18
ENR00884,STU0198,CRS004,2024-01-09
ENR00885,STU0198,CRS018,2023-12-09
ENR00886,STU0198,CRS022,2024-06-26
ENR00887,STU0198,CRS013,2023-06-19
ENR00888,STU0198,CRS010,2023-11-14
ENR00889,STU0199,CRS024,2024-07-09
ENR00890,STU0199,CRS022,2023-07-02
ENR00891,STU0199,CRS020,2023-06-01
ENR00892,STU0199,CRS005,2024-07-15
ENR00893,STU0199,CRS011,2024-04-29
ENR00894,STU0200,CRS019,2023-04-02
ENR00895,STU0200,CRS022,2023-11-28
ENR00896,STU0200,CRS005,2023-08-04
ENR00897,STU0201,CRS010,2024-04-08
ENR00898,STU0201,CRS021,2023-07-13
ENR00899,STU0201,CRS023,2023-03-18
ENR00900,STU0201,CRS022,2023-04-10
ENR00901,STU0201,CRS013,2024-03-23
ENR00902,STU0202,CRS020,2024-06-24
ENR00903,STU0202,CRS023,2024-08-13
ENR00904,STU0202,CRS003,2024-06-14
ENR00905,STU0202,CRS010,2023-11-20
ENR00906,STU0203,CRS021,2023-07-05
ENR00907,STU0203,CRS011,2023-12-13
ENR00908,STU0203,CRS005,2023-02-07
ENR00909,STU0203,CRS022,2023-07-12
ENR00910,STU0203,CRS017,2023-12-07
ENR00911,STU0203,CRS003,2024-06-19
ENR00912,STU0204,CRS017,2023-02-28
ENR00913,STU0204,CRS012,2023-12-11
ENR00914,STU0204,CRS001,2023-08-20
ENR00915,STU0204,CRS024,2023-07-16
ENR00916,STU0204,CRS010,2023-11-09
ENR00917,STU0204,CRS006,2023-03-27
ENR00918,STU0205,CRS011,2023-11-19
ENR00919,STU0205,CRS025,2023-03-13
ENR00920,STU0205,CRS016,2023-07-27
ENR00921,STU0205,CRS007,2023-03-05
ENR00922,STU0206,CRS005,2024-02-03
ENR00923,STU0206,CRS003,2024-07-14
ENR00924,STU0206,CRS010,2023-07-29
ENR00925,STU0206,CRS004,2023-11-20
ENR00926,STU0207,CRS022,2023-11-14
ENR00927,STU0207,CRS011,2024-02-24
ENR00928,STU0207,CRS025,2024-02-17
ENR00929,STU0208,CRS020,2023-03-13
ENR00930,STU0208,CRS013,2023-10-02
ENR00931,STU0208,CRS005,2023-12-21
ENR00932,STU0208,CRS006,2023-07-25
ENR00933,STU0209,CRS023,2024-05-24
ENR00934,STU0209,CRS025,2023-01-02
ENR00935,STU0209,CRS020,2024-05-19
ENR00936,STU0209,CRS006,2023-10-12
ENR00937,STU0210,CRS002,2024-07-04
ENR00938,STU0210,CRS014,2023-04-24
ENR00939,STU0210,CRS012,2024-05-21
ENR00940,STU0210,CRS022,2024-08-20
ENR00941,STU0210,CRS008,2024-04-16
ENR00942,STU0210,CRS015,2023-05-22
ENR00943,STU0211,CRS025,2023-04-10
ENR00944,STU0211,CRS024,2024-03-09
ENR00945,STU0211,CRS015,2024-08-19
ENR00946,STU0211,CRS008,2023-06-28
ENR00947,STU0211,CRS018,2023-01-05
ENR00948,STU0212,CRS010,2023-04-11
ENR00949,STU0212,CRS016,2023-04-27
ENR00950,STU0212,CRS007,2024-03-30
ENR00951,STU0212,CRS012,2023-10-09
ENR00952,STU0213,CRS015,2024-05-08
ENR00953,STU0213,CRS010,2024-05-12
ENR00954,STU0213,CRS013,2023-08-13
ENR00955,STU0213,CRS017,2024-08-31
ENR00956,STU0213,CRS022,2024-07-21
ENR00957,STU0213,CRS014,2023-10-13
ENR00958,STU0214,CRS007,2024-08-22
ENR00959,STU0214,CRS020,2024-05-30
ENR00960,STU0214,CRS005,2023-05-20
ENR00961,STU0214,CRS009,2023-06-02
ENR00962,STU0215,CRS021,2023-10-16
ENR00963,STU0215,CRS016,2024-03-24
ENR00964,STU0215,CRS012,2023-05-06
ENR00965,STU0216,CRS023,2024-08-11
ENR00966,STU0216,CRS017,2023-12-17
ENR00967,STU0216,CRS004,2023-10-22
ENR00968,STU0217,CRS003,2023-08-18
ENR00969,STU0217,CRS025,2024-04-18
ENR00970,STU0217,CRS006,2023-06-19
ENR00971,STU0217,CRS009,2023-11-25
ENR00972,STU0217,CRS015,2024-08-25
ENR00973,STU0218,CRS014,2023-06-09
ENR00974,STU0218,CRS003,2023-05-09
ENR00975,STU0218,CRS008,2024-04-03
ENR00976,STU0218,CRS015,2024-07-09
ENR00977,STU0219,CRS001,2023-09-13
ENR00978,STU0219,CRS014,2023-04-08
ENR00979,STU0219,CRS002,2024-05-26
ENR00980,STU0219,CRS013,2024-02-01
ENR00981,STU0219,CRS017,2023-06-08
ENR00982,STU0220,CRS008,2023-02-02
ENR00983,STU0220,CRS013,2024-02-19
ENR00984,STU0220,CRS003,2023-12-14
ENR00985,STU0220,CRS012,2023-08-22
ENR00986,STU0220,CRS001,2024-03-31
ENR00987,STU0221,CRS004,2023-06-22
ENR00988,STU0221,CRS023,2023-09-30
ENR00989,STU0221,CRS021,2023-06-09
ENR00990,STU0221,CRS011,2024-03-20
ENR00991,STU0221,CRS005,2023-11-05
ENR00992,STU0222,CRS002,2023-09-10
ENR00993,STU0222,CRS010,2023-03-30
ENR00994,STU0222,CRS016,2023-08-22
ENR00995,STU0222,CRS023,2024-01-16
ENR00996,STU0223,CRS025,2023-01-16
ENR00997,STU0223,CRS023,2023-01-20
ENR00998,STU0223,CRS016,2023-11-14
ENR00999,STU0223,CRS015,2023-06-29
ENR01000,STU0224,CRS003,2024-03-05
ENR01001,STU0224,CRS001,2023-05-02
ENR01002,STU0224,CRS009,2023-12-22
ENR01003,STU0225,CRS005,2023-08-31
ENR01004,STU0225,CRS018,2024-07-30
ENR01005,STU0225,CRS024,2023-02-11
ENR01006,STU0225,CRS020,2023-04-15
ENR01007,STU0226,CRS004,2023-11-14
ENR01008,STU0226,CRS010,2024-02-03
ENR01009,STU0226,CRS008,2024-08-28
ENR01010,STU0226,CRS024,2023-03-30
ENR01011,STU0226,CRS025,2023-05-23
ENR01012,STU0226,CRS002,2023-08-03
ENR01013,STU0227,CRS014,2024-04-16
ENR01014,STU0227,CRS021,2023-08-11
ENR01015,STU0227,CRS020,2024-05-29
ENR01016,STU0227,CRS015,2024-02-07
ENR01017,STU0228,CRS004,2023-04-02
ENR01018,STU0228,CRS016,2023-04-24
ENR01019,STU0228,CRS020,2024-05-19
ENR01020,STU0229,CRS021,2023-12-02
ENR01021,STU0229,CRS017,2024-06-02
ENR01022,STU0229,CRS019,2023-08-21
ENR01023,STU0230,CRS023,2023-01-12
ENR01024,STU0230,CRS005,2023-06-09
ENR01025,STU0230,CRS010,2023-10-10
ENR01026,STU0230,CRS014,2024-02-13
ENR01027,STU0231,CRS020,2023-04-17
ENR01028,STU0231,CRS012,2024-05-21
ENR01029,STU0231,CRS008,2024-06-20
ENR01030,STU0232,CRS006,2023-08-15
ENR01031,STU0232,CRS022,2023-04-30
ENR01032,STU0232,CRS024,2024-07-16
ENR01033,STU0232,CRS003,2024-03-24
ENR01034,STU0232,CRS017,2024-07-21
ENR01035,STU0232,CRS012,2024-02-01
ENR01036,STU0233,CRS017,2023-05-25
ENR01037,STU0233,CRS018,2023-07-22
ENR01038,STU0233,CRS001,2023-03-23
ENR01039,STU0234,CRS016,2023-06-24
ENR01040,STU0234,CRS002,2023-03-08
ENR01041,STU0234,CRS021,2023-11-11
ENR01042,STU0234,CRS013,2023-03-02
ENR01043,STU0234,CRS012,2023-06-13
ENR01044,STU0234,CRS009,2024-02-02
ENR01045,STU0235,CRS012,2024-01-19
ENR01046,STU0235,CRS003,2024-01-11
ENR01047,STU0235,CRS008,2024-02-08
ENR01048,STU0236,CRS025,2024-01-03
ENR01049,STU0236,CRS019,2023-08-23
ENR01050,STU0236,CRS024,2023-11-24
ENR01051,STU0237,CRS005,2023-07-19
ENR01052,STU0237,CRS002,2023-10-30
ENR01053,STU0237,CRS012,2023-11-20
ENR01054,STU0237,CRS018,2023-10-14
ENR01055,STU0237,CRS011,2023-06-11
ENR01056,STU0238,CRS025,2024-07-29
ENR01057,STU0238,CRS022,2023-01-31
ENR01058,STU0238,CRS015,2023-05-29
ENR01059,STU0238,CRS023,2024-08-31
ENR01060,STU0239,CRS021,2024-05-05
ENR01061,STU0239,CRS006,2024-05-29
ENR01062,STU0239,CRS005,2023-06-17
ENR01063,STU0239,CRS003,2023-01-09
ENR01064,STU0239,CRS015,2024-05-11
ENR01065,STU0239,CRS002,2023-11-19
ENR01066,STU0240,CRS007,2023-04-20
ENR01067,STU0240,CRS002,2023-01-16
ENR01068,STU0240,CRS011,2023-08-08
ENR01069,STU0240,CRS010,2023-05-26
ENR01070,STU0240,CRS017,2023-08-10
ENR01071,STU0241,CRS018,2023-09-15
ENR01072,STU0241,CRS016,2024-05-19
ENR01073,STU0241,CRS009,2024-04-10
ENR01074,STU0241,CRS002,2023-05-17
ENR01075,STU0241,CRS021,2024-01-03
ENR01076,STU0241,CRS007,2023-05-19
ENR01077,STU0242,CRS012,2023-11-09
ENR01078,STU0242,CRS025,2023-07-11
ENR01079,STU0242,CRS002,2024-03-21
ENR01080,STU0242,CRS021,2024-04-03
ENR01081,STU0242,CRS011,2023-12-21
ENR01082,STU0243,CRS004,2023-03-10
ENR01083,STU0243,CRS012,2023-04-24
ENR01084,STU0243,CRS014,2024-08-14
ENR01085,STU0243,CRS013,2023-12-28
ENR01086,STU0243,CRS024,2023-04-24
ENR01087,STU0244,CRS013,2024-04-28
ENR01088,STU0244,CRS011,2024-08-15
ENR01089,STU0244,CRS006,2023-09-05
ENR01090,STU0244,CRS016,2023-11-22
ENR01091,STU0244,CRS022,2024-02-22
ENR01092,STU0244,CRS012,2023-03-15
ENR01093,STU0245,CRS003,2023-11-21
ENR01094,STU0245,CRS024,2023-10-28
ENR01095,STU0245,CRS014,2023-06-29
ENR01096,STU0245,CRS020,2023-04-03
ENR01097,STU0245,CRS006,2023-01-10
ENR01098,STU0246,CRS011,2023-02-10
ENR01099,STU0246,CRS004,2023-12-17
ENR01100,STU0246,CRS003,2024-06-11
ENR01101,STU0246,CRS022,2023-12-16
ENR01102,STU0246,CRS010,2024-03-06
ENR01103,STU0247,CRS015,2023-11-13
ENR01104,STU0247,CRS020,2024-01-05
ENR01105,STU0247,CRS023,2023-07-17
ENR01106,STU0247,CRS014,2023-02-01
ENR01107,STU0247,CRS006,2024-02-18
ENR01108,STU0248,CRS012,2024-08-12
ENR01109,STU0248,CRS015,2023-12-23
ENR01110,STU0248,CRS002,2024-04-14
ENR01111,STU0248,CRS025,2024-04-23
ENR01112,STU0248,CRS020,2023-02-27
ENR01113,STU0248,CRS014,2023-09-14
ENR01114,STU0249,CRS021,2024-05-03
ENR01115,STU0249,CRS002,2024-01-03
ENR01116,STU0249,CRS003,2024-01-29
ENR01117,STU0249,CRS022,2024-06-07
ENR01118,STU0249,CRS013,2023-08-25
ENR01119,STU0250,CRS017,2023-04-02
ENR01120,STU0250,CRS024,2023-04-26
ENR01121,STU0250,CRS022,2023-06-07
ENR01122,STU0250,CRS006,2023-08-07
ENR01123,STU0250,CRS001,2024-05-13
ENR01124,STU0251,CRS020,2023-03-18
ENR01125,STU0251,CRS022,2023-05-02
ENR01126,STU0251,CRS015,2023-07-12
ENR01127,STU0251,CRS002,2023-02-18
ENR01128,STU0252,CRS003,2023-07-18
ENR01129,STU0252,CRS008,2023-04-11
ENR01130,STU0252,CRS025,2023-04-07
ENR01131,STU0252,CRS021,2024-07-10
ENR01132,STU0253,CRS012,2023-05-01
ENR01133,STU0253,CRS013,2024-03-13
ENR01134,STU0253,CRS019,2024-04-27
ENR01135,STU0253,CRS002,2024-07-08
ENR01136,STU0253,CRS020,2023-07-14
ENR01137,STU0254,CRS022,2023-02-04
ENR01138,STU0254,CRS015,2023-12-25
ENR01139,STU0254,CRS012,2023-05-18
ENR01140,STU0254,CRS025,2024-03-15
ENR01141,STU0255,CRS019,2024-01-27
ENR01142,STU0255,CRS005,2024-01-07
ENR01143,STU0255,CRS017,2023-09-22
ENR01144,STU0256,CRS013,2024-04-07
ENR01145,STU0256,CRS011,2023-11-03
ENR01146,STU0256,CRS021,2023-07-24
ENR01147,STU0256,CRS009,2024-04-01
ENR01148,STU0256,CRS008,2023-12-19
ENR01149,STU0257,CRS001,2024-03-28
ENR01150,STU0257,CRS024,2023-02-24
ENR01151,STU0257,CRS006,2023-12-19
ENR01152,STU0258,CRS017,2023-12-15
ENR01153,STU0258,CRS013,2023-04-11
ENR01154,STU0258,CRS018,2024-03-10
ENR01155,STU0258,CRS004,2023-07-26
ENR01156,STU0258,CRS009,2024-05-19
ENR01157,STU0258,CRS021,2023-03-06
ENR01158,STU0259,CRS007,2023-10-25
ENR01159,STU0259,CRS020,2024-01-29
ENR01160,STU0259,CRS010,2023-11-16
ENR01161,STU0259,CRS016,2023-12-20
ENR01162,STU0259,CRS025,2023-12-22
ENR01163,STU0259,CRS004,2024-03-21
ENR01164,STU0260,CRS003,2024-04-23
ENR01165,STU0260,CRS015,2024-01-13
ENR01166,STU0260,CRS006,2024-01-18
ENR01167,STU0260,CRS023,2024-05-06
ENR01168,STU0261,CRS003,2024-03-23
ENR01169,STU0261,CRS022,2023-02-08
ENR01170,STU0261,CRS011,2024-02-07
ENR01171,STU0261,CRS024,2023-07-01
ENR01172,STU0261,CRS012,2024-07-08
ENR01173,STU0261,CRS025,2024-06-06
ENR01174,STU0262,CRS010,2023-10-28
ENR01175,STU0262,CRS006,2024-05-15
ENR01176,STU0262,CRS023,2024-03-06
ENR01177,STU0262,CRS021,2024-06-05
ENR01178,STU0262,CRS012,2023-04-24
ENR01179,STU0263,CRS004,2023-07-12
ENR01180,STU0263,CRS007,2024-06-23
ENR01181,STU0263,CRS005,2023-09-11
ENR01182,STU0263,CRS008,2023-02-20
ENR01183,STU0264,CRS001,2023-08-25
ENR01184,STU0264,CRS012,2024-03-24
ENR01185,STU0264,CRS018,2023-03-21
ENR01186,STU0264,CRS019,2023-04-01
ENR01187,STU0264,CRS024,2023-05-16
ENR01188,STU0264,CRS015,2023-03-13
ENR01189,STU0265,CRS020,2024-07-20
ENR01190,STU0265,CRS003,2023-10-24
ENR01191,STU0265,CRS010,2024-03-30
ENR01192,STU0265,CRS013,2023-04-16
ENR01193,STU0266,CRS017,2024-06-17
ENR01194,STU0266,CRS014,2024-08-12
ENR01195,STU0266,CRS024,2024-08-12
ENR01196,STU0266,CRS019,2023-01-22
ENR01197,STU0266,CRS003,2023-05-25
ENR01198,STU0266,CRS005,2024-01-02
ENR01199,STU0267,CRS021,2024-04-15
ENR01200,STU0267,CRS003,2024-04-22
ENR01201,STU0267,CRS015,2023-10-13
ENR01202,STU0267,CRS022,2023-06-05
ENR01203,STU0267,CRS017,2023-03-29
ENR01204,STU0268,CRS005,2023-05-28
ENR01205,STU0268,CRS025,2023-01-16
ENR01206,STU0268,CRS018,2023-12-23
ENR01207,STU0268,CRS021,2024-06-02
ENR01208,STU0268,CRS019,2023-12-03
ENR01209,STU0269,CRS025,2024-06-06
ENR01210,STU0269,CRS005,2024-02-26
ENR01211,STU0269,CRS014,2023-08-19
ENR01212,STU0269,CRS017,2024-06-11
ENR01213,STU0270,CRS004,2024-08-29
ENR01214,STU0270,CRS017,2024-02-23
ENR01215,STU0270,CRS005,2023-11-09
ENR01216,STU0271,CRS006,2023-05-16
ENR01217,STU0271,CRS011,2023-08-20
ENR01218,STU0271,CRS023,2024-03-27
ENR01219,STU0271,CRS008,2023-08-17
ENR01220,STU0271,CRS012,2023-03-15
ENR01221,STU0272,CRS003,2023-04-25
ENR01222,STU0272,CRS009,2023-05-12
ENR01223,STU0272,CRS007,2023-11-26
ENR01224,STU0272,CRS021,2024-07-11
ENR01225,STU0272,CRS018,2023-02-27
ENR01226,STU0273,CRS005,2024-04-12
ENR01227,STU0273,CRS021,2023-04-26
ENR01228,STU0273,CRS010,2023-03-30
ENR01229,STU0273,CRS020,2023-07-18
ENR01230,STU0273,CRS018,2023-03-27
ENR01231,STU0274,CRS017,2023-03-12
ENR01232,STU0274,CRS021,2024-01-03
ENR01233,STU0274,CRS006,2024-06-10
ENR01234,STU0275,CRS006,2023-08-28
ENR01235,STU0275,CRS022,2023-11-28
ENR01236,STU0275,CRS020,2024-08-08
ENR01237,STU0275,CRS024,2023-02-09
ENR01238,STU0276,CRS019,2023-01-31
ENR01239,STU0276,CRS002,2023-12-28
ENR01240,STU0276,CRS001,2023-08-09
ENR01241,STU0276,CRS003,2023-10-16
ENR01242,STU0276,CRS021,2023-10-08
ENR01243,STU0277,CRS021,2023-10-28
ENR01244,STU0277,CRS007,2023-07-13
ENR01245,STU0277,CRS025,2023-05-22
ENR01246,STU0277,CRS019,2024-08-21
ENR01247,STU0277,CRS014,2023-08-22
ENR01248,STU0278,CRS016,2023-06-06
ENR01249,STU0278,CRS021,2024-02-29
ENR01250,STU0278,CRS018,2024-08-05
ENR01251,STU0279,CRS021,2023-10-05
ENR01252,STU0279,CRS010,2024-08-01
ENR01253,STU0279,CRS016,2023-01-11
ENR01254,STU0279,CRS008,2024-05-09
ENR01255,STU0279,CRS022,2023-02-02
ENR01256,STU0280,CRS010,2024-07-18
ENR01257,STU0280,CRS015,2023-08-15
ENR01258,STU0280,CRS003,2024-08-09
ENR01259,STU0280,CRS002,2023-10-13
ENR01260,STU0280,CRS006,2023-09-30
ENR01261,STU0280,CRS024,2023-01-29
ENR01262,STU0281,CRS016,2023-06-21
ENR01263,STU0281,CRS015,2024-03-10
ENR01264,STU0281,CRS007,2023-04-11
ENR01265,STU0281,CRS011,2024-05-22
ENR01266,STU0281,CRS020,2023-07-14
ENR01267,STU0281,CRS005,2024-06-01
ENR01268,STU0282,CRS023,2023-06-24
ENR01269,STU0282,CRS011,2024-02-11
ENR01270,STU0282,CRS024,2023-06-15
ENR01271,STU0282,CRS012,2023-01-23
ENR01272,STU0282,CRS013,2024-07-22
ENR01273,STU0283,CRS025,2023-01-31
ENR01274,STU0283,CRS012,2024-03-21
ENR01275,STU0283,CRS017,2023-03-29
ENR01276,STU0283,CRS018,2024-03-09
ENR01277,STU0284,CRS011,2024-06-06
ENR01278,STU0284,CRS008,2023-11-04
ENR01279,STU0284,CRS015,2024-04-12
ENR01280,STU0285,CRS009,2023-06-06
ENR01281,STU0285,CRS015,2024-06-27
ENR01282,STU0285,CRS008,2024-06-07
ENR01283,STU0286,CRS004,2024-04-08
ENR01284,STU0286,CRS002,2024-03-12
ENR01285,STU0286,CRS010,2023-07-14
ENR01286,STU0286,CRS013,2023-09-21
ENR01287,STU0287,CRS008,2024-03-10
ENR01288,STU0287,CRS006,2024-08-31
ENR01289,STU0287,CRS011,2023-05-12
ENR01290,STU0287,CRS019,2024-08-15
ENR01291,STU0287,CRS023,2023-03-10
ENR01292,STU0287,CRS007,2023-06-19
ENR01293,STU0288,CRS016,2023-10-24
ENR01294,STU0288,CRS017,2024-08-22
ENR01295,STU0288,CRS015,2024-02-11
ENR01296,STU0288,CRS010,2023-08-03
ENR01297,STU0289,CRS001,2023-05-08
ENR01298,STU0289,CRS003,2023-08-16
ENR01299,STU0289,CRS013,2024-02-19
ENR01300,STU0289,CRS017,2023-09-30
ENR01301,STU0289,CRS015,2023-03-14
ENR01302,STU0289,CRS008,2023-02-28
ENR01303,STU0290,CRS019,2024-08-01
ENR01304,STU0290,CRS012,2024-08-22
ENR01305,STU0290,CRS002,2024-03-13
ENR01306,STU0290,CRS010,2024-06-04
ENR01307,STU0291,CRS020,2023-12-04
ENR01308,STU0291,CRS021,2024-03-24
ENR01309,STU0291,CRS022,2023-01-28
ENR01310,STU0291,CRS016,2024-08-16
ENR01311,STU0291,CRS010,2024-06-26
ENR01312,STU0291,CRS018,2023-04-24
ENR01313,STU0292,CRS004,2024-08-21
ENR01314,STU0292,CRS014,2023-09-19
ENR01315,STU0292,CRS005,2024-02-14
ENR01316,STU0293,CRS024,2024-08-09
ENR01317,STU0293,CRS012,2023-02-17
ENR01318,STU0293,CRS025,2023-09-20
ENR01319,STU0293,CRS013,2024-07-11
ENR01320,STU0293,CRS002,2024-04-09
ENR01321,STU0294,CRS002,2024-03-02
ENR01322,STU0294,CRS019,2024-02-24
ENR01323,STU0294,CRS018,2023-07-13
ENR01324,STU0294,CRS007,2024-01-29
ENR01325,STU0294,CRS012,2024-01-17
ENR01326,STU0294,CRS023,2023-12-17
ENR01327,STU0295,CRS003,2023-04-28
ENR01328,STU0295,CRS013,2023-05-30
ENR01329,STU0295,CRS017,2023-11-15
ENR01330,STU0295,CRS015,2024-02-12
ENR01331,STU0295,CRS025,2024-03-14
ENR01332,STU0296,CRS020,2023-11-28
ENR01333,STU0296,CRS022,2024-05-13
ENR01334,STU0296,CRS004,2024-01-31
ENR01335,STU0296,CRS005,2024-03-22
ENR01336,STU0296,CRS013,2023-08-21
ENR01337,STU0297,CRS011,2024-07-27
ENR01338,STU0297,CRS018,2023-08-30
ENR01339,STU0297,CRS012,2024-01-29
ENR01340,STU0297,CRS025,2023-10-16
ENR01341,STU0297,CRS005,2024-07-29
ENR01342,STU0298,CRS020,2023-05-08
ENR01343,STU0298,CRS017,2024-05-08
ENR01344,STU0298,CRS013,2024-06-18
ENR01345,STU0298,CRS002,2024-07-09
ENR01346,STU0299,CRS002,2024-04-21
ENR01347,STU0299,CRS005,2023-11-12
ENR01348,STU0299,CRS023,2023-02-24
ENR01349,STU0300,CRS016,2023-07-27
ENR01350,STU0300,CRS017,2023-05-09
ENR01351,STU0300,CRS015,2024-06-14
ENR01352,STU0300,CRS005,2024-01-13
ENR01353,STU0300,CRS020,2023-12-21
