grade_id,enrollment_id,assignment_score,exam_score,final_grade
GRD00001,ENR00001,93.59,48.39,66.47
GRD00002,ENR00002,95.88,59.11,73.82
GRD00003,ENR00003,63.58,76.99,71.63
GRD00004,ENR00004,90.56,75.62,81.6
GRD00005,ENR00005,70.44,70.58,70.52
GRD00006,ENR00006,69.39,73.78,72.02
GRD00007,ENR00007,68.49,41.0,52.0
GRD00008,ENR00008,59.87,46.58,51.9
GRD00009,ENR00009,64.99,58.46,61.07
GRD00010,ENR00010,93.93,92.33,92.97
GRD00011,ENR00011,77.76,75.81,76.59
GRD00012,ENR00012,55.93,79.34,69.98
GRD00013,ENR00013,98.32,74.71,84.15
GRD00014,ENR00014,53.65,43.08,47.31
GRD00015,ENR00015,68.83,71.45,70.4
GRD00016,ENR00016,83.27,86.48,85.2
GRD00017,ENR00017,62.81,89.3,78.7
GRD00018,ENR00018,54.53,74.35,66.42
GRD00019,ENR00019,82.03,51.45,63.68
GRD00020,ENR00020,66.46,65.13,65.66
GRD00021,ENR00021,64.78,52.23,57.25
GRD00022,ENR00022,70.11,76.69,74.06
GRD00023,ENR00023,68.3,90.9,81.86
GRD00024,ENR00024,83.64,82.35,82.87
GRD00025,ENR00025,71.12,73.65,72.64
GRD00026,ENR00026,99.89,68.7,81.18
GRD00027,ENR00027,62.61,97.4,83.48
GRD00028,ENR00028,67.58,71.99,70.23
GRD00029,ENR00029,72.78,80.55,77.44
GRD00030,ENR00030,92.06,80.84,85.33
GRD00031,ENR00031,88.22,55.86,68.8
GRD00032,ENR00032,69.05,97.44,86.08
GRD00033,ENR00033,56.74,57.91,57.44
GRD00034,ENR00034,96.49,98.94,97.96
GRD00035,ENR00035,86.27,82.29,83.88
GRD00036,ENR00036,81.41,69.34,74.17
GRD00037,ENR00037,68.79,73.63,71.69
GRD00038,ENR00038,96.07,83.3,88.41
GRD00039,ENR00039,57.27,74.41,67.55
GRD00040,ENR00040,72.59,93.75,85.29
GRD00041,ENR00041,63.67,60.71,61.89
GRD00042,ENR00042,86.38,48.79,63.83
GRD00043,ENR00043,42.52,97.32,75.4
GRD00044,ENR00044,44.74,95.44,75.16
GRD00045,ENR00045,79.36,84.84,82.65
GRD00046,ENR00046,52.84,89.68,74.94
GRD00047,ENR00047,56.27,73.72,66.74
GRD00048,ENR00048,56.3,46.55,50.45
GRD00049,ENR00049,84.45,54.36,66.4
GRD00050,ENR00050,43.05,94.31,73.81
GRD00051,ENR00051,53.54,53.97,53.8
GRD00052,ENR00052,46.01,59.82,54.3
GRD00053,ENR00053,68.34,80.87,75.86
GRD00054,ENR00054,48.25,97.87,78.02
GRD00055,ENR00055,98.67,49.48,69.16
GRD00056,ENR00056,79.17,92.84,87.37
GRD00057,ENR00057,68.54,79.03,74.83
GRD00058,ENR00058,85.35,57.23,68.48
GRD00059,ENR00059,57.12,43.55,48.98
GRD00060,ENR00060,86.12,79.14,81.93
GRD00061,ENR00061,53.93,84.32,72.16
GRD00062,ENR00062,91.02,42.24,61.75
GRD00063,ENR00063,95.29,65.07,77.16
GRD00064,ENR00064,90.26,96.04,93.73
GRD00065,ENR00065,42.18,90.17,70.97
GRD00066,ENR00066,87.28,51.18,65.62
GRD00067,ENR00067,84.94,92.34,89.38
GRD00068,ENR00068,57.37,42.25,48.3
GRD00069,ENR00069,57.9,76.17,68.86
GRD00070,ENR00070,95.71,60.1,74.34
GRD00071,ENR00071,67.26,78.48,73.99
GRD00072,ENR00072,71.46,93.36,84.6
GRD00073,ENR00073,48.05,70.25,61.37
GRD00074,ENR00074,56.37,88.53,75.67
GRD00075,ENR00075,59.84,83.87,74.26
GRD00076,ENR00076,78.9,83.12,81.43
GRD00077,ENR00077,40.85,60.23,52.48
GRD00078,ENR00078,57.7,80.46,71.36
GRD00079,ENR00079,51.59,76.66,66.63
GRD00080,ENR00080,78.32,64.33,69.93
GRD00081,ENR00081,65.66,59.68,62.07
GRD00082,ENR00082,64.05,45.72,53.05
GRD00083,ENR00083,98.9,68.65,80.75
GRD00084,ENR00084,96.15,40.41,62.71
GRD00085,ENR00085,63.01,66.8,65.28
GRD00086,ENR00086,56.02,59.78,58.28
GRD00087,ENR00087,74.95,74.37,74.6
GRD00088,ENR00088,55.69,61.57,59.22
GRD00089,ENR00089,54.18,80.07,69.71
GRD00090,ENR00090,67.92,49.58,56.92
GRD00091,ENR00091,81.16,95.39,89.7
GRD00092,ENR00092,93.27,86.19,89.02
GRD00093,ENR00093,81.42,78.32,79.56
GRD00094,ENR00094,96.44,62.05,75.81
GRD00095,ENR00095,53.25,97.44,79.76
GRD00096,ENR00096,68.69,67.3,67.86
GRD00097,ENR00097,99.33,62.42,77.18
GRD00098,ENR00098,82.12,94.77,89.71
GRD00099,ENR00099,85.44,88.12,87.05
GRD00100,ENR00100,89.54,85.71,87.24
GRD00101,ENR00101,80.82,75.75,77.78
GRD00102,ENR00102,87.24,71.53,77.81
GRD00103,ENR00103,71.69,61.71,65.7
GRD00104,ENR00104,95.03,46.73,66.05
GRD00105,ENR00105,89.73,94.17,92.39
GRD00106,ENR00106,52.13,72.2,64.17
GRD00107,ENR00107,49.87,91.27,74.71
GRD00108,ENR00108,66.51,80.82,75.1
GRD00109,ENR00109,83.02,69.33,74.81
GRD00110,ENR00110,93.93,66.73,77.61
GRD00111,ENR00111,43.34,47.92,46.09
GRD00112,ENR00112,64.93,73.83,70.27
GRD00113,ENR00113,73.53,80.37,77.63
GRD00114,ENR00114,58.49,41.31,48.18
GRD00115,ENR00115,55.27,40.18,46.22
GRD00116,ENR00116,53.07,44.38,47.86
GRD00117,ENR00117,65.42,82.02,75.38
GRD00118,ENR00118,72.47,43.62,55.16
GRD00119,ENR00119,93.65,99.17,96.96
GRD00120,ENR00120,68.32,57.23,61.67
GRD00121,ENR00121,50.8,48.13,49.2
GRD00122,ENR00122,78.49,83.76,81.65
GRD00123,ENR00123,97.83,62.47,76.61
GRD00124,ENR00124,93.48,66.91,77.54
GRD00125,ENR00125,95.03,62.65,75.6
GRD00126,ENR00126,44.81,97.85,76.63
GRD00127,ENR00127,92.47,47.98,65.78
GRD00128,ENR00128,91.62,47.12,64.92
GRD00129,ENR00129,99.57,63.58,77.98
GRD00130,ENR00130,47.64,98.72,78.29
GRD00131,ENR00131,90.09,85.37,87.26
GRD00132,ENR00132,98.71,67.78,80.15
GRD00133,ENR00133,83.15,65.45,72.53
GRD00134,ENR00134,62.76,53.78,57.37
GRD00135,ENR00135,67.64,49.31,56.64
GRD00136,ENR00136,51.31,92.51,76.03
GRD00137,ENR00137,85.93,41.93,59.53
GRD00138,ENR00138,79.61,76.9,77.98
GRD00139,ENR00139,96.17,93.34,94.47
GRD00140,ENR00140,54.44,44.04,48.2
GRD00141,ENR00141,75.64,66.79,70.33
GRD00142,ENR00142,80.32,92.33,87.53
GRD00143,ENR00143,54.68,42.65,47.46
GRD00144,ENR00144,66.34,72.39,69.97
GRD00145,ENR00145,85.26,86.56,86.04
GRD00146,ENR00146,48.41,99.61,79.13
GRD00147,ENR00147,54.05,94.98,78.61
GRD00148,ENR00148,74.57,74.65,74.62
GRD00149,ENR00149,86.35,89.1,88.0
GRD00150,ENR00150,54.21,92.58,77.23
GRD00151,ENR00151,99.14,71.28,82.42
GRD00152,ENR00152,64.81,56.51,59.83
GRD00153,ENR00153,73.4,75.5,74.66
GRD00154,ENR00154,84.11,50.51,63.95
GRD00155,ENR00155,80.73,73.35,76.3
GRD00156,ENR00156,42.81,60.66,53.52
GRD00157,ENR00157,78.6,62.87,69.16
GRD00158,ENR00158,71.47,81.78,77.66
GRD00159,ENR00159,64.5,57.99,60.59
GRD00160,ENR00160,51.03,72.28,63.78
GRD00161,ENR00161,54.46,53.52,53.9
GRD00162,ENR00162,91.45,48.66,65.78
GRD00163,ENR00163,67.78,43.46,53.19
GRD00164,ENR00164,64.76,64.99,64.9
GRD00165,ENR00165,71.8,63.31,66.71
GRD00166,ENR00166,55.3,59.82,58.01
GRD00167,ENR00167,44.74,66.99,58.09
GRD00168,ENR00168,62.26,72.14,68.19
GRD00169,ENR00169,89.76,43.09,61.76
GRD00170,ENR00170,62.63,76.3,70.83
GRD00171,ENR00171,42.37,44.37,43.57
GRD00172,ENR00172,88.28,75.26,80.47
GRD00173,ENR00173,80.29,53.02,63.93
GRD00174,ENR00174,52.53,94.42,77.66
GRD00175,ENR00175,58.19,94.54,80.0
GRD00176,ENR00176,52.71,51.4,51.92
GRD00177,ENR00177,84.49,84.81,84.68
GRD00178,ENR00178,85.26,94.87,91.03
GRD00179,ENR00179,81.74,82.23,82.03
GRD00180,ENR00180,63.8,54.36,58.14
GRD00181,ENR00181,59.3,56.98,57.91
GRD00182,ENR00182,67.98,78.92,74.54
GRD00183,ENR00183,58.51,61.58,60.35
GRD00184,ENR00184,92.97,67.96,77.96
GRD00185,ENR00185,88.17,83.34,85.27
GRD00186,ENR00186,85.7,59.21,69.81
GRD00187,ENR00187,52.19,58.78,56.14
GRD00188,ENR00188,42.74,91.85,72.21
GRD00189,ENR00189,84.48,40.97,58.37
GRD00190,ENR00190,73.2,75.04,74.3
GRD00191,ENR00191,83.2,57.71,67.91
GRD00192,ENR00192,51.77,53.8,52.99
GRD00193,ENR00193,74.19,54.74,62.52
GRD00194,ENR00194,73.04,96.61,87.18
GRD00195,ENR00195,60.25,85.8,75.58
GRD00196,ENR00196,69.32,83.41,77.77
GRD00197,ENR00197,84.38,67.65,74.34
GRD00198,ENR00198,83.97,61.13,70.27
GRD00199,ENR00199,48.4,72.79,63.03
GRD00200,ENR00200,51.04,93.36,76.43
GRD00201,ENR00201,99.42,97.43,98.23
GRD00202,ENR00202,71.44,90.34,82.78
GRD00203,ENR00203,44.46,89.08,71.23
GRD00204,ENR00204,42.91,40.38,41.39
GRD00205,ENR00205,48.25,77.84,66.0
GRD00206,ENR00206,44.08,49.06,47.07
GRD00207,ENR00207,53.12,67.36,61.66
GRD00208,ENR00208,43.63,78.26,64.41
GRD00209,ENR00209,96.03,94.77,95.27
GRD00210,ENR00210,79.56,40.94,56.39
GRD00211,ENR00211,71.93,64.68,67.58
GRD00212,ENR00212,41.0,83.33,66.4
GRD00213,ENR00213,72.14,57.2,63.18
GRD00214,ENR00214,70.13,81.87,77.17
GRD00215,ENR00215,65.83,96.38,84.16
GRD00216,ENR00216,50.76,95.08,77.35
GRD00217,ENR00217,71.46,54.46,61.26
GRD00218,ENR00218,77.19,55.15,63.97
GRD00219,ENR00219,61.27,87.7,77.13
GRD00220,ENR00220,44.74,97.56,76.43
GRD00221,ENR00221,67.54,54.59,59.77
GRD00222,ENR00222,81.83,58.0,67.53
GRD00223,ENR00223,89.68,44.84,62.78
GRD00224,ENR00224,99.5,78.99,87.19
GRD00225,ENR00225,41.9,64.32,55.35
GRD00226,ENR00226,62.63,68.56,66.19
GRD00227,ENR00227,78.2,82.17,80.58
GRD00228,ENR00228,44.96,90.72,72.42
GRD00229,ENR00229,78.69,59.88,67.4
GRD00230,ENR00230,98.64,98.43,98.51
GRD00231,ENR00231,93.69,95.15,94.57
GRD00232,ENR00232,53.79,94.08,77.96
GRD00233,ENR00233,81.54,74.01,77.02
GRD00234,ENR00234,56.27,95.45,79.78
GRD00235,ENR00235,81.07,56.82,66.52
GRD00236,ENR00236,72.58,79.49,76.73
GRD00237,ENR00237,50.76,91.03,74.92
GRD00238,ENR00238,40.94,52.43,47.83
GRD00239,ENR00239,48.65,89.24,73.0
GRD00240,ENR00240,89.25,95.73,93.14
GRD00241,ENR00241,57.96,73.84,67.49
GRD00242,ENR00242,74.0,90.97,84.18
GRD00243,ENR00243,80.62,72.43,75.71
GRD00244,ENR00244,63.03,84.38,75.84
GRD00245,ENR00245,87.43,81.36,83.79
GRD00246,ENR00246,44.71,84.73,68.72
GRD00247,ENR00247,60.75,45.86,51.82
GRD00248,ENR00248,53.93,44.56,48.31
GRD00249,ENR00249,76.31,76.83,76.62
GRD00250,ENR00250,75.74,98.14,89.18
GRD00251,ENR00251,59.58,78.05,70.66
GRD00252,ENR00252,87.01,67.03,75.02
GRD00253,ENR00253,53.69,73.18,65.38
GRD00254,ENR00254,62.53,51.14,55.7
GRD00255,ENR00255,75.15,62.8,67.74
GRD00256,ENR00256,86.33,57.72,69.16
GRD00257,ENR00257,54.79,44.41,48.56
GRD00258,ENR00258,56.08,62.8,60.11
GRD00259,ENR00259,87.03,49.26,64.37
GRD00260,ENR00260,63.38,61.64,62.34
GRD00261,ENR00261,45.49,96.58,76.14
GRD00262,ENR00262,66.68,85.68,78.08
GRD00263,ENR00263,46.13,45.24,45.6
GRD00264,ENR00264,65.86,73.42,70.4
GRD00265,ENR00265,70.75,46.2,56.02
GRD00266,ENR00266,45.38,73.25,62.1
GRD00267,ENR00267,75.82,87.07,82.57
GRD00268,ENR00268,91.82,40.74,61.17
GRD00269,ENR00269,64.83,86.75,77.98
GRD00270,ENR00270,83.49,73.57,77.54
GRD00271,ENR00271,99.56,54.56,72.56
GRD00272,ENR00272,71.27,81.12,77.18
GRD00273,ENR00273,50.17,56.14,53.75
GRD00274,ENR00274,56.1,48.76,51.7
GRD00275,ENR00275,50.03,56.56,53.95
GRD00276,ENR00276,57.99,86.96,75.37
GRD00277,ENR00277,61.67,96.65,82.66
GRD00278,ENR00278,83.25,69.75,75.15
GRD00279,ENR00279,77.0,67.47,71.28
GRD00280,ENR00280,48.13,40.41,43.5
GRD00281,ENR00281,63.74,90.5,79.8
GRD00282,ENR00282,62.79,91.73,80.15
GRD00283,ENR00283,66.41,65.84,66.07
GRD00284,ENR00284,89.41,79.06,83.2
GRD00285,ENR00285,75.66,58.03,65.08
GRD00286,ENR00286,76.19,81.72,79.51
GRD00287,ENR00287,68.74,50.66,57.89
GRD00288,ENR00288,63.89,59.15,61.05
GRD00289,ENR00289,84.09,77.97,80.42
GRD00290,ENR00290,98.07,86.92,91.38
GRD00291,ENR00291,59.55,56.82,57.91
GRD00292,ENR00292,87.15,61.9,72.0
GRD00293,ENR00293,95.92,51.99,69.56
GRD00294,ENR00294,99.84,50.8,70.42
GRD00295,ENR00295,86.06,41.61,59.39
GRD00296,ENR00296,83.63,96.58,91.4
GRD00297,ENR00297,52.58,87.86,73.75
GRD00298,ENR00298,89.88,44.15,62.44
GRD00299,ENR00299,90.87,87.7,88.97
GRD00300,ENR00300,80.38,48.35,61.16
GRD00301,ENR00301,58.17,55.16,56.36
GRD00302,ENR00302,49.25,65.39,58.93
GRD00303,ENR00303,62.62,66.94,65.21
GRD00304,ENR00304,75.88,74.93,75.31
GRD00305,ENR00305,72.06,95.41,86.07
GRD00306,ENR00306,92.18,65.1,75.93
GRD00307,ENR00307,42.21,98.11,75.75
GRD00308,ENR00308,82.1,88.74,86.08
GRD00309,ENR00309,75.63,94.86,87.17
GRD00310,ENR00310,46.56,54.89,51.56
GRD00311,ENR00311,79.88,49.98,61.94
GRD00312,ENR00312,76.76,73.79,74.98
GRD00313,ENR00313,78.7,78.8,78.76
GRD00314,ENR00314,98.01,59.9,75.14
GRD00315,ENR00315,87.77,46.36,62.92
GRD00316,ENR00316,45.92,53.32,50.36
GRD00317,ENR00317,84.81,73.48,78.01
GRD00318,ENR00318,81.26,53.26,64.46
GRD00319,ENR00319,62.45,67.78,65.65
GRD00320,ENR00320,80.77,81.43,81.17
GRD00321,ENR00321,49.04,99.86,79.53
GRD00322,ENR00322,68.97,57.73,62.23
GRD00323,ENR00323,95.23,45.15,65.18
GRD00324,ENR00324,89.88,83.81,86.24
GRD00325,ENR00325,60.9,60.58,60.71
GRD00326,ENR00326,87.06,71.27,77.59
GRD00327,ENR00327,60.9,45.86,51.88
GRD00328,ENR00328,83.32,67.15,73.62
GRD00329,ENR00329,44.03,42.68,43.22
GRD00330,ENR00330,82.65,41.36,57.88
GRD00331,ENR00331,60.58,46.56,52.17
GRD00332,ENR00332,88.0,95.8,92.68
GRD00333,ENR00333,84.43,70.96,76.35
GRD00334,ENR00334,73.11,59.86,65.16
GRD00335,ENR00335,65.58,67.72,66.86
GRD00336,ENR00336,87.87,77.79,81.82
GRD00337,ENR00337,51.18,79.44,68.14
GRD00338,ENR00338,63.73,84.24,76.04
GRD00339,ENR00339,92.99,66.97,77.38
GRD00340,ENR00340,65.77,40.27,50.47
GRD00341,ENR00341,52.89,56.7,55.18
GRD00342,ENR00342,82.23,87.76,85.55
GRD00343,ENR00343,74.64,87.97,82.64
GRD00344,ENR00344,72.21,61.95,66.05
GRD00345,ENR00345,51.82,46.84,48.83
GRD00346,ENR00346,80.24,69.37,73.72
GRD00347,ENR00347,97.95,58.8,74.46
GRD00348,ENR00348,63.32,63.55,63.46
GRD00349,ENR00349,46.85,61.12,55.41
GRD00350,ENR00350,67.47,50.35,57.2
GRD00351,ENR00351,80.42,88.04,84.99
GRD00352,ENR00352,95.12,75.41,83.29
GRD00353,ENR00353,80.33,58.79,67.41
GRD00354,ENR00354,54.31,47.02,49.94
GRD00355,ENR00355,62.4,48.48,54.05
GRD00356,ENR00356,63.31,75.79,70.8
GRD00357,ENR00357,74.49,65.38,69.02
GRD00358,ENR00358,69.2,72.24,71.02
GRD00359,ENR00359,95.15,95.84,95.56
GRD00360,ENR00360,50.39,50.01,50.16
GRD00361,ENR00361,57.33,51.23,53.67
GRD00362,ENR00362,90.52,77.16,82.5
GRD00363,ENR00363,91.93,97.11,95.04
GRD00364,ENR00364,69.08,51.71,58.66
GRD00365,ENR00365,63.04,73.69,69.43
GRD00366,ENR00366,79.18,64.55,70.4
GRD00367,ENR00367,69.5,82.61,77.37
GRD00368,ENR00368,66.63,50.04,56.68
GRD00369,ENR00369,73.92,87.75,82.22
GRD00370,ENR00370,53.23,41.96,46.47
GRD00371,ENR00371,53.49,57.32,55.79
GRD00372,ENR00372,86.84,73.94,79.1
GRD00373,ENR00373,86.35,69.72,76.37
GRD00374,ENR00374,70.65,74.36,72.88
GRD00375,ENR00375,56.07,72.59,65.98
GRD00376,ENR00376,99.45,72.52,83.29
GRD00377,ENR00377,85.41,85.6,85.52
GRD00378,ENR00378,66.48,53.11,58.46
GRD00379,ENR00379,65.51,84.16,76.7
GRD00380,ENR00380,79.22,54.85,64.6
GRD00381,ENR00381,92.49,41.93,62.15
GRD00382,ENR00382,55.77,91.73,77.35
GRD00383,ENR00383,45.22,91.92,73.24
GRD00384,ENR00384,47.04,88.71,72.04
GRD00385,ENR00385,52.59,84.26,71.59
GRD00386,ENR00386,81.35,91.66,87.54
GRD00387,ENR00387,76.62,65.69,70.06
GRD00388,ENR00388,76.97,87.09,83.04
GRD00389,ENR00389,88.81,88.33,88.52
GRD00390,ENR00390,74.2,71.94,72.84
GRD00391,ENR00391,75.81,50.1,60.38
GRD00392,ENR00392,98.74,57.56,74.03
GRD00393,ENR00393,74.36,97.14,88.03
GRD00394,ENR00394,70.86,94.01,84.75
GRD00395,ENR00395,88.91,48.14,64.45
GRD00396,ENR00396,85.01,64.7,72.82
GRD00397,ENR00397,43.56,56.64,51.41
GRD00398,ENR00398,79.35,82.09,80.99
GRD00399,ENR00399,47.96,48.77,48.45
GRD00400,ENR00400,59.33,54.85,56.64
GRD00401,ENR00401,90.61,63.56,74.38
GRD00402,ENR00402,48.53,77.94,66.18
GRD00403,ENR00403,77.67,62.51,68.57
GRD00404,ENR00404,44.53,87.68,70.42
GRD00405,ENR00405,86.13,64.17,72.95
GRD00406,ENR00406,84.99,81.68,83.0
GRD00407,ENR00407,92.64,67.28,77.42
GRD00408,ENR00408,69.28,74.92,72.66
GRD00409,ENR00409,92.13,90.83,91.35
GRD00410,ENR00410,45.59,98.33,77.23
GRD00411,ENR00411,78.09,81.84,80.34
GRD00412,ENR00412,91.01,87.74,89.05
GRD00413,ENR00413,63.86,98.09,84.4
GRD00414,ENR00414,89.49,69.68,77.6
GRD00415,ENR00415,59.37,57.02,57.96
GRD00416,ENR00416,72.84,47.84,57.84
GRD00417,ENR00417,91.15,87.3,88.84
GRD00418,ENR00418,93.65,85.74,88.9
GRD00419,ENR00419,42.76,77.57,63.65
GRD00420,ENR00420,90.2,40.98,60.67
GRD00421,ENR00421,95.77,49.48,68.0
GRD00422,ENR00422,67.39,99.51,86.66
GRD00423,ENR00423,65.67,99.74,86.11
GRD00424,ENR00424,94.56,92.93,93.58
GRD00425,ENR00425,58.11,92.47,78.73
GRD00426,ENR00426,92.6,45.6,64.4
GRD00427,ENR00427,61.63,44.95,51.62
GRD00428,ENR00428,79.87,78.93,79.31
GRD00429,ENR00429,43.11,77.54,63.77
GRD00430,ENR00430,83.56,85.31,84.61
GRD00431,ENR00431,65.75,45.47,53.58
GRD00432,ENR00432,45.71,52.81,49.97
GRD00433,ENR00433,44.68,75.62,63.24
GRD00434,ENR00434,71.17,66.7,68.49
GRD00435,ENR00435,40.48,60.61,52.56
GRD00436,ENR00436,47.24,91.62,73.87
GRD00437,ENR00437,81.64,68.66,73.85
GRD00438,ENR00438,53.74,45.36,48.71
GRD00439,ENR00439,88.36,46.19,63.06
GRD00440,ENR00440,62.05,57.96,59.6
GRD00441,ENR00441,62.96,88.8,78.46
GRD00442,ENR00442,92.47,78.49,84.08
GRD00443,ENR00443,80.63,44.1,58.71
GRD00444,ENR00444,73.8,76.62,75.49
GRD00445,ENR00445,49.85,61.07,56.58
GRD00446,ENR00446,52.78,84.9,72.05
GRD00447,ENR00447,95.19,76.96,84.25
GRD00448,ENR00448,66.54,53.03,58.43
GRD00449,ENR00449,93.8,48.4,66.56
GRD00450,ENR00450,47.39,83.8,69.24
GRD00451,ENR00451,61.09,65.76,63.89
GRD00452,ENR00452,87.46,54.87,67.91
GRD00453,ENR00453,78.68,54.89,64.41
GRD00454,ENR00454,76.06,83.27,80.39
GRD00455,ENR00455,57.1,96.48,80.73
GRD00456,ENR00456,41.61,90.82,71.14
GRD00457,ENR00457,92.55,52.33,68.42
GRD00458,ENR00458,76.42,51.32,61.36
GRD00459,ENR00459,63.51,78.77,72.67
GRD00460,ENR00460,87.03,87.63,87.39
GRD00461,ENR00461,54.36,63.15,59.63
GRD00462,ENR00462,54.46,78.28,68.75
GRD00463,ENR00463,44.26,93.32,73.7
GRD00464,ENR00464,40.72,61.67,53.29
GRD00465,ENR00465,58.99,63.21,61.52
GRD00466,ENR00466,90.34,65.25,75.29
GRD00467,ENR00467,72.78,50.37,59.33
GRD00468,ENR00468,68.26,99.24,86.85
GRD00469,ENR00469,44.38,75.24,62.9
GRD00470,ENR00470,40.83,52.94,48.1
GRD00471,ENR00471,95.35,96.92,96.29
GRD00472,ENR00472,63.88,57.19,59.87
GRD00473,ENR00473,82.76,86.03,84.72
GRD00474,ENR00474,65.41,64.14,64.65
GRD00475,ENR00475,78.43,72.26,74.73
GRD00476,ENR00476,49.16,45.02,46.68
GRD00477,ENR00477,44.74,95.26,75.05
GRD00478,ENR00478,98.46,49.32,68.98
GRD00479,ENR00479,59.61,75.19,68.96
GRD00480,ENR00480,85.79,78.99,81.71
GRD00481,ENR00481,78.59,58.61,66.6
GRD00482,ENR00482,66.25,97.21,84.83
GRD00483,ENR00483,54.32,54.67,54.53
GRD00484,ENR00484,95.48,46.96,66.37
GRD00485,ENR00485,76.74,43.3,56.68
GRD00486,ENR00486,79.96,79.48,79.67
GRD00487,ENR00487,50.54,40.76,44.67
GRD00488,ENR00488,48.23,40.68,43.7
GRD00489,ENR00489,69.78,60.8,64.39
GRD00490,ENR00490,71.03,89.35,82.02
GRD00491,ENR00491,55.55,62.31,59.61
GRD00492,ENR00492,84.99,92.41,89.44
GRD00493,ENR00493,83.98,47.08,61.84
GRD00494,ENR00494,93.99,60.1,73.66
GRD00495,ENR00495,65.76,71.43,69.16
GRD00496,ENR00496,55.78,98.5,81.41
GRD00497,ENR00497,77.65,69.77,72.92
GRD00498,ENR00498,70.65,43.33,54.26
GRD00499,ENR00499,91.56,50.01,66.63
GRD00500,ENR00500,49.44,86.4,71.62
GRD00501,ENR00501,93.66,80.45,85.73
GRD00502,ENR00502,46.92,84.45,69.44
GRD00503,ENR00503,40.15,91.52,70.97
GRD00504,ENR00504,40.74,42.76,41.95
GRD00505,ENR00505,61.84,95.21,81.86
GRD00506,ENR00506,50.74,97.62,78.87
GRD00507,ENR00507,42.12,88.19,69.76
GRD00508,ENR00508,82.84,79.34,80.74
GRD00509,ENR00509,53.47,54.9,54.33
GRD00510,ENR00510,94.95,59.2,73.5
GRD00511,ENR00511,89.56,74.29,80.4
GRD00512,ENR00512,47.16,80.4,67.1
GRD00513,ENR00513,43.16,53.39,49.3
GRD00514,ENR00514,70.95,42.76,54.04
GRD00515,ENR00515,64.06,92.62,81.2
GRD00516,ENR00516,91.96,86.41,88.63
GRD00517,ENR00517,58.64,45.18,50.56
GRD00518,ENR00518,67.4,62.14,64.24
GRD00519,ENR00519,57.5,87.07,75.24
GRD00520,ENR00520,84.37,54.56,66.48
GRD00521,ENR00521,62.1,98.31,83.83
GRD00522,ENR00522,99.87,86.55,91.88
GRD00523,ENR00523,83.95,72.79,77.25
GRD00524,ENR00524,87.76,49.03,64.52
GRD00525,ENR00525,95.94,41.43,63.23
GRD00526,ENR00526,72.49,78.16,75.89
GRD00527,ENR00527,81.61,40.58,56.99
GRD00528,ENR00528,60.1,85.54,75.36
GRD00529,ENR00529,62.58,84.28,75.6
GRD00530,ENR00530,58.45,52.31,54.77
GRD00531,ENR00531,98.99,65.19,78.71
GRD00532,ENR00532,97.67,98.35,98.08
GRD00533,ENR00533,48.54,56.79,53.49
GRD00534,ENR00534,42.63,53.89,49.39
GRD00535,ENR00535,90.73,64.78,75.16
GRD00536,ENR00536,93.73,67.51,78.0
GRD00537,ENR00537,84.87,74.85,78.86
GRD00538,ENR00538,70.33,78.23,75.07
GRD00539,ENR00539,63.66,75.51,70.77
GRD00540,ENR00540,43.74,79.75,65.35
GRD00541,ENR00541,47.84,57.5,53.64
GRD00542,ENR00542,91.05,95.56,93.76
GRD00543,ENR00543,63.58,89.91,79.38
GRD00544,ENR00544,59.58,67.17,64.13
GRD00545,ENR00545,54.02,96.61,79.57
GRD00546,ENR00546,48.17,86.21,70.99
GRD00547,ENR00547,46.54,46.34,46.42
GRD00548,ENR00548,66.97,58.84,62.09
GRD00549,ENR00549,47.24,61.5,55.8
GRD00550,ENR00550,86.22,67.12,74.76
GRD00551,ENR00551,67.8,91.15,81.81
GRD00552,ENR00552,45.43,88.46,71.25
GRD00553,ENR00553,58.25,82.28,72.67
GRD00554,ENR00554,76.2,52.9,62.22
GRD00555,ENR00555,91.39,48.9,65.9
GRD00556,ENR00556,82.67,98.1,91.93
GRD00557,ENR00557,63.77,42.94,51.27
GRD00558,ENR00558,57.93,89.21,76.7
GRD00559,ENR00559,50.43,97.13,78.45
GRD00560,ENR00560,91.28,73.36,80.53
GRD00561,ENR00561,73.01,45.68,56.61
GRD00562,ENR00562,46.11,87.63,71.02
GRD00563,ENR00563,47.29,43.7,45.14
GRD00564,ENR00564,86.86,53.34,66.75
GRD00565,ENR00565,51.89,64.03,59.17
GRD00566,ENR00566,81.18,96.25,90.22
GRD00567,ENR00567,45.04,75.17,63.12
GRD00568,ENR00568,95.05,44.5,64.72
GRD00569,ENR00569,99.83,51.87,71.05
GRD00570,ENR00570,78.76,88.56,84.64
GRD00571,ENR00571,45.52,90.84,72.71
GRD00572,ENR00572,88.53,47.35,63.82
GRD00573,ENR00573,96.54,43.04,64.44
GRD00574,ENR00574,95.45,65.99,77.77
GRD00575,ENR00575,83.47,69.77,75.25
GRD00576,ENR00576,62.96,65.6,64.54
GRD00577,ENR00577,61.24,94.5,81.2
GRD00578,ENR00578,56.5,66.76,62.66
GRD00579,ENR00579,48.92,76.85,65.68
GRD00580,ENR00580,77.02,78.84,78.11
GRD00581,ENR00581,69.93,92.97,83.75
GRD00582,ENR00582,68.74,45.26,54.65
GRD00583,ENR00583,62.98,65.15,64.28
GRD00584,ENR00584,78.56,87.83,84.12
GRD00585,ENR00585,54.95,99.65,81.77
GRD00586,ENR00586,72.62,41.17,53.75
GRD00587,ENR00587,62.95,82.8,74.86
GRD00588,ENR00588,68.78,86.89,79.65
GRD00589,ENR00589,60.64,73.94,68.62
GRD00590,ENR00590,59.3,56.23,57.46
GRD00591,ENR00591,41.56,75.83,62.12
GRD00592,ENR00592,41.76,88.64,69.89
GRD00593,ENR00593,56.86,88.52,75.86
GRD00594,ENR00594,68.3,61.45,64.19
GRD00595,ENR00595,75.04,53.97,62.4
GRD00596,ENR00596,49.58,54.87,52.75
GRD00597,ENR00597,54.47,72.02,65.0
GRD00598,ENR00598,87.47,84.22,85.52
GRD00599,ENR00599,85.84,96.87,92.46
GRD00600,ENR00600,74.54,98.96,89.19
GRD00601,ENR00601,63.31,96.11,82.99
GRD00602,ENR00602,99.49,50.42,70.05
GRD00603,ENR00603,54.19,59.08,57.12
GRD00604,ENR00604,84.29,61.53,70.63
GRD00605,ENR00605,75.49,82.21,79.52
GRD00606,ENR00606,61.1,74.06,68.88
GRD00607,ENR00607,48.53,96.9,77.55
GRD00608,ENR00608,90.2,88.62,89.25
GRD00609,ENR00609,98.22,72.53,82.81
GRD00610,ENR00610,50.53,42.28,45.58
GRD00611,ENR00611,43.37,76.1,63.01
GRD00612,ENR00612,41.2,68.68,57.69
GRD00613,ENR00613,59.9,76.85,70.07
GRD00614,ENR00614,88.39,60.45,71.63
GRD00615,ENR00615,50.65,88.15,73.15
GRD00616,ENR00616,92.09,43.57,62.98
GRD00617,ENR00617,48.86,82.28,68.91
GRD00618,ENR00618,48.5,46.66,47.4
GRD00619,ENR00619,71.58,61.89,65.77
GRD00620,ENR00620,44.35,82.27,67.1
GRD00621,ENR00621,79.73,75.16,76.99
GRD00622,ENR00622,60.19,59.36,59.69
GRD00623,ENR00623,98.55,83.94,89.78
GRD00624,ENR00624,66.21,78.36,73.5
GRD00625,ENR00625,69.23,59.04,63.12
GRD00626,ENR00626,82.43,73.72,77.2
GRD00627,ENR00627,93.38,76.82,83.44
GRD00628,ENR00628,61.41,79.93,72.52
GRD00629,ENR00629,88.87,62.7,73.17
GRD00630,ENR00630,84.04,57.67,68.22
GRD00631,ENR00631,50.66,40.11,44.33
GRD00632,ENR00632,82.12,74.37,77.47
GRD00633,ENR00633,91.05,86.25,88.17
GRD00634,ENR00634,74.05,50.92,60.17
GRD00635,ENR00635,59.09,88.53,76.75
GRD00636,ENR00636,76.68,78.38,77.7
GRD00637,ENR00637,46.25,69.77,60.36
GRD00638,ENR00638,59.87,44.67,50.75
GRD00639,ENR00639,60.81,59.17,59.83
GRD00640,ENR00640,78.17,97.78,89.94
GRD00641,ENR00641,89.3,80.2,83.84
GRD00642,ENR00642,83.76,60.14,69.59
GRD00643,ENR00643,40.68,52.58,47.82
GRD00644,ENR00644,81.59,61.03,69.25
GRD00645,ENR00645,87.22,83.22,84.82
GRD00646,ENR00646,42.89,66.29,56.93
GRD00647,ENR00647,65.18,49.98,56.06
GRD00648,ENR00648,64.84,92.91,81.68
GRD00649,ENR00649,61.07,62.52,61.94
GRD00650,ENR00650,89.73,87.32,88.28
GRD00651,ENR00651,74.68,85.49,81.17
GRD00652,ENR00652,53.53,67.08,61.66
GRD00653,ENR00653,87.95,42.0,60.38
GRD00654,ENR00654,41.2,55.67,49.88
GRD00655,ENR00655,46.28,60.51,54.82
GRD00656,ENR00656,93.28,49.65,67.1
GRD00657,ENR00657,44.5,96.51,75.71
GRD00658,ENR00658,98.68,60.28,75.64
GRD00659,ENR00659,99.12,93.59,95.8
GRD00660,ENR00660,82.27,65.88,72.44
GRD00661,ENR00661,79.22,76.44,77.55
GRD00662,ENR00662,66.05,43.21,52.35
GRD00663,ENR00663,59.87,98.46,83.02
GRD00664,ENR00664,64.56,73.25,69.77
GRD00665,ENR00665,95.53,72.41,81.66
GRD00666,ENR00666,79.64,57.84,66.56
GRD00667,ENR00667,45.75,63.57,56.44
GRD00668,ENR00668,72.98,69.46,70.87
GRD00669,ENR00669,43.27,40.23,41.45
GRD00670,ENR00670,45.26,89.43,71.76
GRD00671,ENR00671,77.51,68.82,72.3
GRD00672,ENR00672,45.82,52.42,49.78
GRD00673,ENR00673,78.29,98.62,90.49
GRD00674,ENR00674,68.41,46.93,55.52
GRD00675,ENR00675,87.09,68.26,75.79
GRD00676,ENR00676,93.69,55.9,71.02
GRD00677,ENR00677,78.51,63.25,69.35
GRD00678,ENR00678,62.26,62.89,62.64
GRD00679,ENR00679,51.19,42.68,46.08
GRD00680,ENR00680,66.38,55.8,60.03
GRD00681,ENR00681,90.22,73.85,80.4
GRD00682,ENR00682,49.07,81.79,68.7
GRD00683,ENR00683,45.8,80.09,66.37
GRD00684,ENR00684,88.49,64.84,74.3
GRD00685,ENR00685,85.39,53.65,66.35
GRD00686,ENR00686,43.66,63.23,55.4
GRD00687,ENR00687,71.35,97.94,87.3
GRD00688,ENR00688,81.22,96.18,90.2
GRD00689,ENR00689,74.36,54.14,62.23
GRD00690,ENR00690,57.93,63.69,61.39
GRD00691,ENR00691,91.24,42.08,61.74
GRD00692,ENR00692,74.27,71.01,72.31
GRD00693,ENR00693,74.29,98.97,89.1
GRD00694,ENR00694,48.85,96.96,77.72
GRD00695,ENR00695,66.94,96.94,84.94
GRD00696,ENR00696,50.03,52.71,51.64
GRD00697,ENR00697,51.56,42.56,46.16
GRD00698,ENR00698,44.7,80.99,66.47
GRD00699,ENR00699,52.12,89.35,74.46
GRD00700,ENR00700,48.87,75.7,64.97
GRD00701,ENR00701,59.18,83.63,73.85
GRD00702,ENR00702,88.44,45.22,62.51
GRD00703,ENR00703,73.38,73.12,73.22
GRD00704,ENR00704,91.4,71.18,79.27
GRD00705,ENR00705,95.03,40.74,62.46
GRD00706,ENR00706,82.02,75.25,77.96
GRD00707,ENR00707,86.9,46.75,62.81
GRD00708,ENR00708,48.98,74.0,63.99
GRD00709,ENR00709,74.96,97.89,88.72
GRD00710,ENR00710,46.01,46.34,46.21
GRD00711,ENR00711,86.77,87.14,86.99
GRD00712,ENR00712,92.05,92.81,92.51
GRD00713,ENR00713,92.67,55.85,70.58
GRD00714,ENR00714,79.29,74.32,76.31
GRD00715,ENR00715,68.38,50.33,57.55
GRD00716,ENR00716,64.18,77.09,71.93
GRD00717,ENR00717,80.85,64.1,70.8
GRD00718,ENR00718,63.75,92.74,81.14
GRD00719,ENR00719,81.43,42.96,58.35
GRD00720,ENR00720,68.51,56.12,61.08
GRD00721,ENR00721,62.35,60.27,61.1
GRD00722,ENR00722,87.62,58.66,70.24
GRD00723,ENR00723,90.57,91.49,91.12
GRD00724,ENR00724,81.09,98.35,91.45
GRD00725,ENR00725,53.68,58.03,56.29
GRD00726,ENR00726,84.62,86.44,85.71
GRD00727,ENR00727,59.25,83.73,73.94
GRD00728,ENR00728,76.3,45.36,57.74
GRD00729,ENR00729,66.5,94.81,83.49
GRD00730,ENR00730,64.43,69.07,67.21
GRD00731,ENR00731,70.99,62.43,65.85
GRD00732,ENR00732,43.37,87.49,69.84
GRD00733,ENR00733,43.94,82.57,67.12
GRD00734,ENR00734,64.2,86.83,77.78
GRD00735,ENR00735,71.46,74.12,73.06
GRD00736,ENR00736,50.42,92.51,75.67
GRD00737,ENR00737,52.04,43.46,46.89
GRD00738,ENR00738,41.98,43.03,42.61
GRD00739,ENR00739,61.62,51.95,55.82
GRD00740,ENR00740,62.1,67.85,65.55
GRD00741,ENR00741,63.82,95.38,82.76
GRD00742,ENR00742,80.87,54.52,65.06
GRD00743,ENR00743,69.33,66.77,67.79
GRD00744,ENR00744,97.63,68.47,80.13
GRD00745,ENR00745,73.08,60.65,65.62
GRD00746,ENR00746,90.26,55.52,69.42
GRD00747,ENR00747,89.85,45.42,63.19
GRD00748,ENR00748,41.65,42.98,42.45
GRD00749,ENR00749,91.23,86.79,88.57
GRD00750,ENR00750,52.86,53.28,53.11
GRD00751,ENR00751,53.51,52.4,52.84
GRD00752,ENR00752,79.1,70.8,74.12
GRD00753,ENR00753,91.88,98.03,95.57
GRD00754,ENR00754,80.93,68.45,73.44
GRD00755,ENR00755,47.94,50.39,49.41
GRD00756,ENR00756,88.05,53.43,67.28
GRD00757,ENR00757,76.5,96.58,88.55
GRD00758,ENR00758,82.76,82.56,82.64
GRD00759,ENR00759,56.52,93.73,78.85
GRD00760,ENR00760,91.1,67.54,76.96
GRD00761,ENR00761,53.09,58.13,56.11
GRD00762,ENR00762,71.24,77.42,74.95
GRD00763,ENR00763,75.07,40.44,54.29
GRD00764,ENR00764,99.97,97.99,98.78
GRD00765,ENR00765,90.36,73.69,80.36
GRD00766,ENR00766,75.63,56.96,64.43
GRD00767,ENR00767,81.06,68.9,73.76
GRD00768,ENR00768,60.18,56.59,58.03
GRD00769,ENR00769,59.51,56.61,57.77
GRD00770,ENR00770,79.37,97.13,90.03
GRD00771,ENR00771,79.09,51.3,62.42
GRD00772,ENR00772,71.04,54.42,61.07
GRD00773,ENR00773,43.41,91.44,72.23
GRD00774,ENR00774,88.6,64.25,73.99
GRD00775,ENR00775,59.18,48.4,52.71
GRD00776,ENR00776,41.53,69.84,58.52
GRD00777,ENR00777,57.74,94.41,79.74
GRD00778,ENR00778,64.28,84.2,76.23
GRD00779,ENR00779,74.98,99.69,89.81
GRD00780,ENR00780,88.96,60.59,71.94
GRD00781,ENR00781,82.8,81.18,81.83
GRD00782,ENR00782,78.3,68.54,72.44
GRD00783,ENR00783,96.44,61.51,75.48
GRD00784,ENR00784,58.01,50.2,53.32
GRD00785,ENR00785,79.46,73.49,75.88
GRD00786,ENR00786,57.63,68.25,64.0
GRD00787,ENR00787,84.46,83.51,83.89
GRD00788,ENR00788,73.54,94.76,86.27
GRD00789,ENR00789,96.82,93.98,95.12
GRD00790,ENR00790,79.27,53.34,63.71
GRD00791,ENR00791,53.4,92.29,76.73
GRD00792,ENR00792,65.23,93.21,82.02
GRD00793,ENR00793,62.3,75.13,70.0
GRD00794,ENR00794,67.83,47.07,55.37
GRD00795,ENR00795,43.22,78.06,64.12
GRD00796,ENR00796,74.82,77.24,76.27
GRD00797,ENR00797,68.33,51.67,58.33
GRD00798,ENR00798,47.19,80.84,67.38
GRD00799,ENR00799,71.79,64.79,67.59
GRD00800,ENR00800,92.25,49.05,66.33
GRD00801,ENR00801,99.54,60.56,76.15
GRD00802,ENR00802,99.23,93.57,95.83
GRD00803,ENR00803,99.2,48.59,68.83
GRD00804,ENR00804,91.74,50.82,67.19
GRD00805,ENR00805,44.85,59.96,53.92
GRD00806,ENR00806,99.2,58.8,74.96
GRD00807,ENR00807,43.48,67.12,57.66
GRD00808,ENR00808,52.56,86.41,72.87
GRD00809,ENR00809,74.58,49.51,59.54
GRD00810,ENR00810,87.11,86.79,86.92
GRD00811,ENR00811,47.76,66.02,58.72
GRD00812,ENR00812,65.76,65.74,65.75
GRD00813,ENR00813,68.64,40.28,51.62
GRD00814,ENR00814,72.03,83.84,79.12
GRD00815,ENR00815,97.0,93.52,94.91
GRD00816,ENR00816,85.41,71.86,77.28
GRD00817,ENR00817,41.07,40.25,40.58
GRD00818,ENR00818,84.02,53.58,65.76
GRD00819,ENR00819,92.62,58.73,72.29
GRD00820,ENR00820,46.16,70.2,60.58
GRD00821,ENR00821,58.37,43.92,49.7
GRD00822,ENR00822,42.74,96.91,75.24
GRD00823,ENR00823,67.36,71.22,69.68
GRD00824,ENR00824,71.45,66.02,68.19
GRD00825,ENR00825,81.21,48.03,61.3
GRD00826,ENR00826,99.77,69.41,81.55
GRD00827,ENR00827,85.01,49.89,63.94
GRD00828,ENR00828,94.41,88.72,91.0
GRD00829,ENR00829,41.15,53.46,48.54
GRD00830,ENR00830,99.09,52.67,71.24
GRD00831,ENR00831,41.31,70.28,58.69
GRD00832,ENR00832,47.39,82.67,68.56
GRD00833,ENR00833,87.53,62.51,72.52
GRD00834,ENR00834,78.42,86.27,83.13
GRD00835,ENR00835,77.39,75.64,76.34
GRD00836,ENR00836,42.88,46.49,45.05
GRD00837,ENR00837,90.17,42.89,61.8
GRD00838,ENR00838,46.95,66.66,58.78
GRD00839,ENR00839,47.42,55.16,52.06
GRD00840,ENR00840,82.11,52.33,64.24
GRD00841,ENR00841,81.14,40.56,56.79
GRD00842,ENR00842,65.25,46.06,53.74
GRD00843,ENR00843,71.22,77.37,74.91
GRD00844,ENR00844,82.04,65.13,71.89
GRD00845,ENR00845,93.92,70.7,79.99
GRD00846,ENR00846,77.06,56.96,65.0
GRD00847,ENR00847,87.09,69.86,76.75
GRD00848,ENR00848,76.54,86.68,82.62
GRD00849,ENR00849,89.89,98.39,94.99
GRD00850,ENR00850,61.48,64.59,63.35
GRD00851,ENR00851,49.62,72.89,63.58
GRD00852,ENR00852,94.62,81.29,86.62
GRD00853,ENR00853,68.84,54.07,59.98
GRD00854,ENR00854,40.76,45.34,43.51
GRD00855,ENR00855,46.63,74.45,63.32
GRD00856,ENR00856,69.65,96.97,86.04
GRD00857,ENR00857,86.77,44.5,61.41
GRD00858,ENR00858,83.41,94.29,89.94
GRD00859,ENR00859,78.66,67.41,71.91
GRD00860,ENR00860,98.64,55.85,72.97
GRD00861,ENR00861,43.0,88.79,70.47
GRD00862,ENR00862,92.45,91.13,91.66
GRD00863,ENR00863,61.61,80.61,73.01
GRD00864,ENR00864,65.56,46.95,54.39
GRD00865,ENR00865,91.07,93.42,92.48
GRD00866,ENR00866,40.58,48.3,45.21
GRD00867,ENR00867,78.83,59.72,67.36
GRD00868,ENR00868,93.67,97.31,95.85
GRD00869,ENR00869,56.1,83.98,72.83
GRD00870,ENR00870,62.36,60.56,61.28
GRD00871,ENR00871,46.83,64.02,57.14
GRD00872,ENR00872,67.39,90.14,81.04
GRD00873,ENR00873,81.39,68.69,73.77
GRD00874,ENR00874,65.3,93.17,82.02
GRD00875,ENR00875,50.01,47.95,48.77
GRD00876,ENR00876,83.58,98.89,92.77
GRD00877,ENR00877,90.66,46.22,64.0
GRD00878,ENR00878,94.67,68.96,79.24
GRD00879,ENR00879,74.14,66.29,69.43
GRD00880,ENR00880,76.68,86.75,82.72
GRD00881,ENR00881,76.68,91.75,85.72
GRD00882,ENR00882,92.8,83.64,87.3
GRD00883,ENR00883,93.51,68.98,78.79
GRD00884,ENR00884,69.29,93.26,83.67
GRD00885,ENR00885,66.44,43.8,52.86
GRD00886,ENR00886,79.3,40.74,56.16
GRD00887,ENR00887,92.1,71.49,79.73
GRD00888,ENR00888,84.62,83.43,83.91
GRD00889,ENR00889,53.44,97.35,79.79
GRD00890,ENR00890,92.39,71.15,79.65
GRD00891,ENR00891,81.29,77.09,78.77
GRD00892,ENR00892,65.97,83.6,76.55
GRD00893,ENR00893,68.92,79.82,75.46
GRD00894,ENR00894,78.48,48.92,60.74
GRD00895,ENR00895,89.59,93.52,91.95
GRD00896,ENR00896,76.77,40.7,55.13
GRD00897,ENR00897,96.06,70.33,80.62
GRD00898,ENR00898,68.16,69.75,69.11
GRD00899,ENR00899,49.92,85.09,71.02
GRD00900,ENR00900,59.24,59.85,59.61
GRD00901,ENR00901,56.69,70.42,64.93
GRD00902,ENR00902,73.03,62.72,66.84
GRD00903,ENR00903,89.03,44.73,62.45
GRD00904,ENR00904,66.65,74.38,71.29
GRD00905,ENR00905,45.28,69.91,60.06
GRD00906,ENR00906,58.96,98.84,82.89
GRD00907,ENR00907,84.71,41.07,58.53
GRD00908,ENR00908,64.21,42.15,50.97
GRD00909,ENR00909,72.95,89.55,82.91
GRD00910,ENR00910,87.51,97.79,93.68
GRD00911,ENR00911,78.25,93.41,87.35
GRD00912,ENR00912,73.74,79.28,77.06
GRD00913,ENR00913,67.37,60.45,63.22
GRD00914,ENR00914,89.52,89.0,89.21
GRD00915,ENR00915,90.66,59.92,72.22
GRD00916,ENR00916,86.04,76.0,80.02
GRD00917,ENR00917,83.0,61.8,70.28
GRD00918,ENR00918,67.15,45.85,54.37
GRD00919,ENR00919,79.53,40.13,55.89
GRD00920,ENR00920,61.31,78.02,71.34
GRD00921,ENR00921,87.99,72.86,78.91
GRD00922,ENR00922,62.43,46.38,52.8
GRD00923,ENR00923,93.81,69.55,79.25
GRD00924,ENR00924,89.31,84.55,86.45
GRD00925,ENR00925,64.55,55.26,58.98
GRD00926,ENR00926,51.76,47.24,49.05
GRD00927,ENR00927,91.13,52.94,68.22
GRD00928,ENR00928,89.47,51.43,66.65
GRD00929,ENR00929,60.28,85.43,75.37
GRD00930,ENR00930,42.79,77.99,63.91
GRD00931,ENR00931,80.33,47.39,60.57
GRD00932,ENR00932,93.51,67.44,77.87
GRD00933,ENR00933,75.36,70.25,72.29
GRD00934,ENR00934,97.83,40.26,63.29
GRD00935,ENR00935,84.17,73.19,77.58
GRD00936,ENR00936,65.97,75.11,71.45
GRD00937,ENR00937,95.46,86.86,90.3
GRD00938,ENR00938,94.61,81.51,86.75
GRD00939,ENR00939,50.42,88.91,73.51
GRD00940,ENR00940,46.21,79.45,66.15
GRD00941,ENR00941,76.37,59.31,66.13
GRD00942,ENR00942,92.88,65.12,76.22
GRD00943,ENR00943,76.54,81.55,79.55
GRD00944,ENR00944,54.89,63.87,60.28
GRD00945,ENR00945,60.57,57.65,58.82
GRD00946,ENR00946,88.29,48.29,64.29
GRD00947,ENR00947,76.15,93.19,86.37
GRD00948,ENR00948,70.74,90.58,82.64
GRD00949,ENR00949,72.87,58.83,64.45
GRD00950,ENR00950,84.21,73.21,77.61
GRD00951,ENR00951,53.04,52.58,52.76
GRD00952,ENR00952,82.86,81.2,81.86
GRD00953,ENR00953,95.27,47.96,66.88
GRD00954,ENR00954,82.62,98.51,92.15
GRD00955,ENR00955,50.67,72.55,63.8
GRD00956,ENR00956,78.21,82.62,80.86
GRD00957,ENR00957,85.65,73.74,78.5
GRD00958,ENR00958,74.97,96.56,87.92
GRD00959,ENR00959,82.61,80.45,81.31
GRD00960,ENR00960,93.63,72.03,80.67
GRD00961,ENR00961,92.65,65.34,76.26
GRD00962,ENR00962,40.77,46.39,44.14
GRD00963,ENR00963,62.85,43.18,51.05
GRD00964,ENR00964,43.4,56.02,50.97
GRD00965,ENR00965,87.13,99.01,94.26
GRD00966,ENR00966,81.0,48.79,61.67
GRD00967,ENR00967,43.72,87.06,69.72
GRD00968,ENR00968,52.24,72.47,64.38
GRD00969,ENR00969,61.52,67.16,64.9
GRD00970,ENR00970,76.97,80.53,79.11
GRD00971,ENR00971,73.71,53.46,61.56
GRD00972,ENR00972,78.83,63.33,69.53
GRD00973,ENR00973,70.66,87.81,80.95
GRD00974,ENR00974,81.77,81.58,81.66
GRD00975,ENR00975,42.82,62.89,54.86
GRD00976,ENR00976,64.99,87.29,78.37
GRD00977,ENR00977,81.11,97.95,91.21
GRD00978,ENR00978,43.23,84.62,68.06
GRD00979,ENR00979,52.19,92.13,76.15
GRD00980,ENR00980,91.63,66.58,76.6
GRD00981,ENR00981,53.53,78.03,68.23
GRD00982,ENR00982,82.57,62.06,70.26
GRD00983,ENR00983,75.3,84.31,80.71
GRD00984,ENR00984,51.79,83.49,70.81
GRD00985,ENR00985,51.61,66.93,60.8
GRD00986,ENR00986,99.01,44.47,66.29
GRD00987,ENR00987,97.75,84.1,89.56
GRD00988,ENR00988,47.16,42.44,44.33
GRD00989,ENR00989,56.75,55.85,56.21
GRD00990,ENR00990,49.66,90.76,74.32
GRD00991,ENR00991,40.34,67.98,56.92
GRD00992,ENR00992,96.25,42.4,63.94
GRD00993,ENR00993,95.72,75.81,83.77
GRD00994,ENR00994,86.42,77.52,81.08
GRD00995,ENR00995,90.59,58.07,71.08
GRD00996,ENR00996,87.39,73.01,78.76
GRD00997,ENR00997,44.37,82.46,67.22
GRD00998,ENR00998,71.52,97.42,87.06
GRD00999,ENR00999,71.24,87.18,80.8
GRD01000,ENR01000,49.56,72.58,63.37
GRD01001,ENR01001,64.21,60.96,62.26
GRD01002,ENR01002,93.0,79.8,85.08
GRD01003,ENR01003,59.86,57.61,58.51
GRD01004,ENR01004,97.02,77.1,85.07
GRD01005,ENR01005,68.49,73.68,71.6
GRD01006,ENR01006,85.13,78.96,81.43
GRD01007,ENR01007,46.88,60.76,55.21
GRD01008,ENR01008,54.42,78.54,68.89
GRD01009,ENR01009,95.12,54.63,70.83
GRD01010,ENR01010,42.39,93.14,72.84
GRD01011,ENR01011,62.88,87.77,77.81
GRD01012,ENR01012,46.8,55.4,51.96
GRD01013,ENR01013,83.44,41.48,58.26
GRD01014,ENR01014,71.01,86.23,80.14
GRD01015,ENR01015,70.86,70.52,70.66
GRD01016,ENR01016,69.21,57.79,62.36
GRD01017,ENR01017,79.09,59.22,67.17
GRD01018,ENR01018,44.94,45.76,45.43
GRD01019,ENR01019,98.3,86.4,91.16
GRD01020,ENR01020,71.99,77.62,75.37
GRD01021,ENR01021,52.65,77.77,67.72
GRD01022,ENR01022,52.79,81.12,69.79
GRD01023,ENR01023,90.14,52.33,67.45
GRD01024,ENR01024,89.72,92.72,91.52
GRD01025,ENR01025,84.48,66.11,73.46
GRD01026,ENR01026,89.01,44.33,62.2
GRD01027,ENR01027,81.16,41.43,57.32
GRD01028,ENR01028,83.01,42.27,58.57
GRD01029,ENR01029,44.39,50.68,48.16
GRD01030,ENR01030,55.11,44.23,48.58
GRD01031,ENR01031,89.3,94.66,92.52
GRD01032,ENR01032,64.46,67.07,66.03
GRD01033,ENR01033,64.27,58.98,61.1
GRD01034,ENR01034,63.37,47.1,53.61
GRD01035,ENR01035,40.35,83.22,66.07
GRD01036,ENR01036,43.79,84.76,68.37
GRD01037,ENR01037,42.73,90.9,71.63
GRD01038,ENR01038,61.46,70.17,66.69
GRD01039,ENR01039,57.39,81.15,71.65
GRD01040,ENR01040,76.39,56.89,64.69
GRD01041,ENR01041,95.6,62.88,75.97
GRD01042,ENR01042,89.33,41.85,60.84
GRD01043,ENR01043,49.38,53.19,51.67
GRD01044,ENR01044,84.81,87.81,86.61
GRD01045,ENR01045,90.97,57.7,71.01
GRD01046,ENR01046,78.04,57.88,65.94
GRD01047,ENR01047,93.22,97.92,96.04
GRD01048,ENR01048,92.03,78.88,84.14
GRD01049,ENR01049,97.44,40.67,63.38
GRD01050,ENR01050,92.49,48.48,66.08
GRD01051,ENR01051,42.51,74.36,61.62
GRD01052,ENR01052,63.64,72.85,69.17
GRD01053,ENR01053,45.11,52.6,49.6
GRD01054,ENR01054,84.49,83.56,83.93
GRD01055,ENR01055,52.7,94.34,77.68
GRD01056,ENR01056,91.09,48.55,65.57
GRD01057,ENR01057,51.04,77.01,66.62
GRD01058,ENR01058,55.16,46.88,50.19
GRD01059,ENR01059,80.26,74.04,76.53
GRD01060,ENR01060,43.26,85.06,68.34
GRD01061,ENR01061,99.4,72.93,83.52
GRD01062,ENR01062,78.68,44.39,58.11
GRD01063,ENR01063,80.3,55.04,65.14
GRD01064,ENR01064,51.85,74.84,65.64
GRD01065,ENR01065,97.09,61.43,75.69
GRD01066,ENR01066,80.28,54.07,64.55
GRD01067,ENR01067,57.11,44.19,49.36
GRD01068,ENR01068,51.61,69.15,62.13
GRD01069,ENR01069,59.7,79.57,71.62
GRD01070,ENR01070,81.61,49.14,62.13
GRD01071,ENR01071,74.01,88.46,82.68
GRD01072,ENR01072,97.52,50.12,69.08
GRD01073,ENR01073,58.79,87.14,75.8
GRD01074,ENR01074,82.73,78.45,80.16
GRD01075,ENR01075,56.6,61.57,59.58
GRD01076,ENR01076,80.77,59.89,68.24
GRD01077,ENR01077,68.8,66.72,67.55
GRD01078,ENR01078,86.49,69.22,76.13
GRD01079,ENR01079,46.53,78.73,65.85
GRD01080,ENR01080,44.92,56.84,52.07
GRD01081,ENR01081,89.59,93.48,91.92
GRD01082,ENR01082,51.79,84.01,71.12
GRD01083,ENR01083,77.6,83.65,81.23
GRD01084,ENR01084,93.53,90.98,92.0
GRD01085,ENR01085,77.9,88.76,84.42
GRD01086,ENR01086,74.73,86.15,81.58
GRD01087,ENR01087,52.77,42.2,46.43
GRD01088,ENR01088,55.64,93.64,78.44
GRD01089,ENR01089,72.38,79.23,76.49
GRD01090,ENR01090,48.92,63.55,57.7
GRD01091,ENR01091,93.49,75.38,82.62
GRD01092,ENR01092,91.43,48.03,65.39
GRD01093,ENR01093,70.07,45.43,55.29
GRD01094,ENR01094,61.83,40.64,49.12
GRD01095,ENR01095,54.33,97.84,80.44
GRD01096,ENR01096,98.91,81.05,88.19
GRD01097,ENR01097,85.43,48.42,63.22
GRD01098,ENR01098,49.55,73.98,64.21
GRD01099,ENR01099,73.95,92.33,84.98
GRD01100,ENR01100,48.77,83.92,69.86
GRD01101,ENR01101,96.35,42.43,64.0
GRD01102,ENR01102,85.69,53.9,66.62
GRD01103,ENR01103,55.86,54.04,54.77
GRD01104,ENR01104,80.12,71.07,74.69
GRD01105,ENR01105,87.49,63.29,72.97
GRD01106,ENR01106,95.07,92.89,93.76
GRD01107,ENR01107,42.39,78.91,64.3
GRD01108,ENR01108,46.19,98.11,77.34
GRD01109,ENR01109,78.01,56.41,65.05
GRD01110,ENR01110,84.51,74.72,78.64
GRD01111,ENR01111,74.21,62.6,67.24
GRD01112,ENR01112,62.71,75.26,70.24
GRD01113,ENR01113,93.89,44.67,64.36
GRD01114,ENR01114,55.1,98.36,81.06
GRD01115,ENR01115,53.37,64.35,59.96
GRD01116,ENR01116,89.03,60.7,72.03
GRD01117,ENR01117,87.56,93.23,90.96
GRD01118,ENR01118,40.4,92.92,71.91
GRD01119,ENR01119,66.39,53.8,58.84
GRD01120,ENR01120,70.87,56.85,62.46
GRD01121,ENR01121,49.01,49.44,49.27
GRD01122,ENR01122,76.12,89.02,83.86
GRD01123,ENR01123,79.67,64.88,70.8
GRD01124,ENR01124,59.81,46.8,52.0
GRD01125,ENR01125,80.51,68.74,73.45
GRD01126,ENR01126,75.45,78.84,77.48
GRD01127,ENR01127,64.65,54.62,58.63
GRD01128,ENR01128,47.67,75.54,64.39
GRD01129,ENR01129,48.08,70.76,61.69
GRD01130,ENR01130,93.45,48.81,66.67
GRD01131,ENR01131,49.98,95.35,77.2
GRD01132,ENR01132,71.0,64.33,67.0
GRD01133,ENR01133,98.15,78.26,86.22
GRD01134,ENR01134,92.71,83.68,87.29
GRD01135,ENR01135,89.28,96.84,93.82
GRD01136,ENR01136,53.0,76.39,67.03
GRD01137,ENR01137,68.28,68.9,68.65
GRD01138,ENR01138,53.16,64.65,60.05
GRD01139,ENR01139,48.56,74.96,64.4
GRD01140,ENR01140,86.05,77.39,80.85
GRD01141,ENR01141,70.65,50.06,58.3
GRD01142,ENR01142,81.14,95.34,89.66
GRD01143,ENR01143,75.79,44.13,56.79
GRD01144,ENR01144,62.69,47.93,53.83
GRD01145,ENR01145,40.99,71.36,59.21
GRD01146,ENR01146,94.56,81.06,86.46
GRD01147,ENR01147,89.59,76.33,81.63
GRD01148,ENR01148,50.65,94.1,76.72
GRD01149,ENR01149,75.99,92.67,86.0
GRD01150,ENR01150,71.89,85.14,79.84
GRD01151,ENR01151,45.59,79.56,65.97
GRD01152,ENR01152,94.12,72.36,81.06
GRD01153,ENR01153,40.07,96.26,73.78
GRD01154,ENR01154,80.71,65.89,71.82
GRD01155,ENR01155,65.24,92.49,81.59
GRD01156,ENR01156,81.86,65.74,72.19
GRD01157,ENR01157,96.31,68.93,79.88
GRD01158,ENR01158,86.12,61.03,71.07
GRD01159,ENR01159,88.28,94.47,91.99
GRD01160,ENR01160,90.23,74.57,80.83
GRD01161,ENR01161,65.53,55.27,59.37
GRD01162,ENR01162,85.95,94.61,91.15
GRD01163,ENR01163,45.03,75.9,63.55
GRD01164,ENR01164,72.62,55.47,62.33
GRD01165,ENR01165,40.33,84.62,66.9
GRD01166,ENR01166,40.43,71.35,58.98
GRD01167,ENR01167,71.19,62.5,65.98
GRD01168,ENR01168,52.33,88.26,73.89
GRD01169,ENR01169,64.53,46.39,53.65
GRD01170,ENR01170,65.56,75.12,71.3
GRD01171,ENR01171,55.68,72.17,65.57
GRD01172,ENR01172,73.88,76.71,75.58
GRD01173,ENR01173,99.51,63.85,78.11
GRD01174,ENR01174,52.22,73.13,64.77
GRD01175,ENR01175,73.45,50.72,59.81
GRD01176,ENR01176,73.55,69.03,70.84
GRD01177,ENR01177,99.31,74.66,84.52
GRD01178,ENR01178,86.45,63.89,72.91
GRD01179,ENR01179,48.28,91.83,74.41
GRD01180,ENR01180,47.15,53.79,51.13
GRD01181,ENR01181,86.99,96.95,92.97
GRD01182,ENR01182,46.02,70.5,60.71
GRD01183,ENR01183,87.16,88.05,87.69
GRD01184,ENR01184,76.84,81.07,79.38
GRD01185,ENR01185,43.12,63.35,55.26
GRD01186,ENR01186,78.15,88.26,84.22
GRD01187,ENR01187,89.4,68.3,76.74
GRD01188,ENR01188,76.01,45.29,57.58
GRD01189,ENR01189,55.79,62.25,59.67
GRD01190,ENR01190,76.54,83.47,80.7
GRD01191,ENR01191,95.84,64.04,76.76
GRD01192,ENR01192,79.37,57.19,66.06
GRD01193,ENR01193,97.81,43.45,65.19
GRD01194,ENR01194,86.42,50.52,64.88
GRD01195,ENR01195,69.66,40.64,52.25
GRD01196,ENR01196,91.03,95.85,93.92
GRD01197,ENR01197,71.09,51.68,59.44
GRD01198,ENR01198,87.04,70.63,77.19
GRD01199,ENR01199,81.91,76.91,78.91
GRD01200,ENR01200,80.44,61.58,69.12
GRD01201,ENR01201,79.3,98.54,90.84
GRD01202,ENR01202,45.21,56.56,52.02
GRD01203,ENR01203,63.97,80.18,73.7
GRD01204,ENR01204,64.33,52.02,56.94
GRD01205,ENR01205,40.92,82.22,65.7
GRD01206,ENR01206,95.15,72.98,81.85
GRD01207,ENR01207,83.57,73.55,77.56
GRD01208,ENR01208,74.98,60.85,66.5
GRD01209,ENR01209,88.93,53.58,67.72
GRD01210,ENR01210,97.78,67.29,79.49
GRD01211,ENR01211,64.24,40.28,49.86
GRD01212,ENR01212,50.5,70.37,62.42
GRD01213,ENR01213,73.52,70.19,71.52
GRD01214,ENR01214,60.4,47.02,52.37
GRD01215,ENR01215,70.8,55.46,61.6
GRD01216,ENR01216,72.27,87.6,81.47
GRD01217,ENR01217,55.01,66.57,61.95
GRD01218,ENR01218,62.62,69.02,66.46
GRD01219,ENR01219,54.6,60.38,58.07
GRD01220,ENR01220,86.54,80.9,83.16
GRD01221,ENR01221,93.79,91.72,92.55
GRD01222,ENR01222,68.92,55.47,60.85
GRD01223,ENR01223,62.96,87.32,77.58
GRD01224,ENR01224,53.22,82.07,70.53
GRD01225,ENR01225,88.01,64.75,74.05
GRD01226,ENR01226,61.19,72.14,67.76
GRD01227,ENR01227,82.05,55.8,66.3
GRD01228,ENR01228,57.24,63.94,61.26
GRD01229,ENR01229,84.93,60.52,70.28
GRD01230,ENR01230,73.27,50.71,59.73
GRD01231,ENR01231,58.83,53.11,55.4
GRD01232,ENR01232,74.42,50.97,60.35
GRD01233,ENR01233,84.77,95.82,91.4
GRD01234,ENR01234,51.41,84.23,71.1
GRD01235,ENR01235,54.09,54.52,54.35
GRD01236,ENR01236,55.92,53.75,54.62
GRD01237,ENR01237,90.1,90.18,90.15
GRD01238,ENR01238,61.36,86.74,76.59
GRD01239,ENR01239,47.19,44.71,45.7
GRD01240,ENR01240,97.35,69.56,80.68
GRD01241,ENR01241,40.4,91.43,71.02
GRD01242,ENR01242,97.48,90.88,93.52
GRD01243,ENR01243,62.27,58.93,60.27
GRD01244,ENR01244,93.89,92.86,93.27
GRD01245,ENR01245,74.47,56.48,63.68
GRD01246,ENR01246,50.97,85.86,71.9
GRD01247,ENR01247,70.67,63.87,66.59
GRD01248,ENR01248,85.01,47.69,62.62
GRD01249,ENR01249,71.54,65.39,67.85
GRD01250,ENR01250,96.38,41.95,63.72
GRD01251,ENR01251,60.84,91.62,79.31
GRD01252,ENR01252,86.55,67.43,75.08
GRD01253,ENR01253,47.22,71.09,61.54
GRD01254,ENR01254,58.94,40.51,47.88
GRD01255,ENR01255,80.45,62.77,69.84
GRD01256,ENR01256,46.04,61.7,55.44
GRD01257,ENR01257,91.71,51.23,67.42
GRD01258,ENR01258,55.77,56.16,56.0
GRD01259,ENR01259,97.51,60.59,75.36
GRD01260,ENR01260,51.03,65.44,59.68
GRD01261,ENR01261,65.15,85.13,77.14
GRD01262,ENR01262,61.9,64.04,63.18
GRD01263,ENR01263,67.04,74.28,71.38
GRD01264,ENR01264,98.76,81.16,88.2
GRD01265,ENR01265,88.85,83.25,85.49
GRD01266,ENR01266,88.25,73.32,79.29
GRD01267,ENR01267,91.38,51.76,67.61
GRD01268,ENR01268,88.0,84.31,85.79
GRD01269,ENR01269,68.38,40.58,51.7
GRD01270,ENR01270,65.29,48.07,54.96
GRD01271,ENR01271,93.6,77.84,84.14
GRD01272,ENR01272,72.04,58.94,64.18
GRD01273,ENR01273,69.2,55.06,60.72
GRD01274,ENR01274,91.51,42.86,62.32
GRD01275,ENR01275,45.94,49.8,48.26
GRD01276,ENR01276,52.93,55.26,54.33
GRD01277,ENR01277,90.34,45.78,63.6
GRD01278,ENR01278,84.68,55.59,67.23
GRD01279,ENR01279,61.62,73.45,68.72
GRD01280,ENR01280,88.6,60.65,71.83
GRD01281,ENR01281,64.71,61.07,62.53
GRD01282,ENR01282,80.78,76.33,78.11
GRD01283,ENR01283,74.61,78.99,77.24
GRD01284,ENR01284,72.31,98.76,88.18
GRD01285,ENR01285,57.08,59.51,58.54
GRD01286,ENR01286,70.63,86.48,80.14
GRD01287,ENR01287,66.82,44.7,53.55
GRD01288,ENR01288,76.82,67.83,71.43
GRD01289,ENR01289,97.4,92.1,94.22
GRD01290,ENR01290,78.43,95.71,88.8
GRD01291,ENR01291,65.31,76.74,72.17
GRD01292,ENR01292,64.29,94.42,82.37
GRD01293,ENR01293,44.75,60.62,54.27
GRD01294,ENR01294,58.81,79.18,71.03
GRD01295,ENR01295,82.63,76.32,78.84
GRD01296,ENR01296,63.73,93.26,81.45
GRD01297,ENR01297,86.86,96.33,92.54
GRD01298,ENR01298,84.87,71.26,76.7
GRD01299,ENR01299,67.02,50.04,56.83
GRD01300,ENR01300,91.25,47.5,65.0
GRD01301,ENR01301,54.08,55.1,54.69
GRD01302,ENR01302,84.63,84.98,84.84
GRD01303,ENR01303,52.63,63.82,59.34
GRD01304,ENR01304,45.73,96.21,76.02
GRD01305,ENR01305,68.39,43.23,53.29
GRD01306,ENR01306,86.26,71.44,77.37
GRD01307,ENR01307,99.76,46.24,67.65
GRD01308,ENR01308,77.09,45.06,57.87
GRD01309,ENR01309,95.9,63.39,76.39
GRD01310,ENR01310,53.76,84.26,72.06
GRD01311,ENR01311,66.59,47.58,55.18
GRD01312,ENR01312,71.6,50.24,58.78
GRD01313,ENR01313,42.11,61.41,53.69
GRD01314,ENR01314,94.92,91.85,93.08
GRD01315,ENR01315,68.03,92.25,82.56
GRD01316,ENR01316,96.09,72.91,82.18
GRD01317,ENR01317,48.11,96.91,77.39
GRD01318,ENR01318,72.36,75.45,74.21
GRD01319,ENR01319,67.39,84.93,77.91
GRD01320,ENR01320,92.64,66.1,76.72
GRD01321,ENR01321,78.39,72.03,74.57
GRD01322,ENR01322,94.54,68.9,79.16
GRD01323,ENR01323,53.63,45.37,48.67
GRD01324,ENR01324,58.47,64.73,62.23
GRD01325,ENR01325,49.34,40.63,44.11
GRD01326,ENR01326,71.4,85.5,79.86
GRD01327,ENR01327,48.18,57.21,53.6
GRD01328,ENR01328,72.11,81.27,77.61
GRD01329,ENR01329,69.52,85.33,79.01
GRD01330,ENR01330,57.98,85.95,74.76
GRD01331,ENR01331,87.88,75.82,80.64
GRD01332,ENR01332,87.81,72.89,78.86
GRD01333,ENR01333,51.31,92.93,76.28
GRD01334,ENR01334,66.23,54.99,59.49
GRD01335,ENR01335,82.9,78.76,80.42
GRD01336,ENR01336,89.71,53.24,67.83
GRD01337,ENR01337,44.75,77.52,64.41
GRD01338,ENR01338,71.0,88.0,81.2
GRD01339,ENR01339,76.79,81.64,79.7
GRD01340,ENR01340,56.31,78.91,69.87
GRD01341,ENR01341,71.92,56.13,62.45
GRD01342,ENR01342,51.28,44.11,46.98
GRD01343,ENR01343,48.2,46.62,47.25
GRD01344,ENR01344,67.32,67.17,67.23
GRD01345,ENR01345,82.03,69.52,74.52
GRD01346,ENR01346,59.24,49.13,53.17
GRD01347,ENR01347,98.18,41.33,64.07
GRD01348,ENR01348,98.34,56.93,73.49
GRD01349,ENR01349,47.5,66.3,58.78
GRD01350,ENR01350,40.49,45.41,43.44
GRD01351,ENR01351,40.88,53.03,48.17
GRD01352,ENR01352,65.21,87.14,78.37
GRD01353,ENR01353,69.9,62.28,65.33
